timestamp,sample_type,scenario,robot_id,human_role,robot_x,robot_y,human_x,human_y,robot_speed,human_speed,reaction_time,stopping_time,base_distance,safety_margin,friction_coefficient,temperature_celsius,sensor_degradation_factor,task_type,task_factor,direction_factor,separation_distance,required_dynamic_distance,static_baseline_distance,risk_state,unnecessary_restriction_flag
2026-10-01T10:00:00.000Z,SYNTHETIC_BENCHMARK,Scenario 1: Head-On Process Walkway,AMR-01,Process Operator,10.58,21.9,81.84,23.04,2.38,0.71,0.5,0.8,1,0.5,1,25,0,MATERIAL_TRANSPORT,1,1.5,71.27,5.25,3,SAFE,false
2026-10-01T10:00:00.000Z,SYNTHETIC_BENCHMARK,Scenario 1: Head-On Process Walkway,AMR-01,Process Operator,11.18,20.35,80.72,25.79,1.23,1.06,0.5,0.8,1,0.5,1,25,0,MATERIAL_TRANSPORT,1,1.5,69.75,3.96,3,SAFE,false
2026-10-01T10:00:00.000Z,SYNTHETIC_BENCHMARK,Scenario 1: Head-On Process Walkway,AMR-01,Process Operator,11.99,20.42,80.04,23.61,1.12,0.86,0.5,0.8,1,0.5,1,25,0,MATERIAL_TRANSPORT,1,1.5,68.12,3.66,3,SAFE,false
2026-10-01T10:00:00.000Z,SYNTHETIC_BENCHMARK,Scenario 1: Head-On Process Walkway,AMR-01,Process Operator,11.67,23.77,80.44,25.84,1.01,0.51,0.5,0.8,1,0.5,1,25,0,MATERIAL_TRANSPORT,1,1.5,68.8,3.25,3,SAFE,false
2026-10-01T10:00:00.000Z,SYNTHETIC_BENCHMARK,Scenario 1: Head-On Process Walkway,AMR-01,Process Operator,12.89,22.08,78.6,25.81,1.41,0.42,0.5,0.8,1,0.5,1,25,0,MATERIAL_TRANSPORT,1,1.5,65.82,3.72,3,SAFE,false
2026-10-01T10:00:01.000Z,SYNTHETIC_BENCHMARK,Scenario 1: Head-On Process Walkway,AMR-01,Process Operator,14.31,22.02,79.19,24.85,1.26,0.98,0.5,0.8,1,0.5,1,25,0,MATERIAL_TRANSPORT,1,1.5,64.94,3.94,3,SAFE,false
2026-10-01T10:00:01.000Z,SYNTHETIC_BENCHMARK,Scenario 1: Head-On Process Walkway,AMR-01,Process Operator,14.6,20.23,78.87,24.31,1.1,1.4,0.5,0.8,1,0.5,1,25,0,MATERIAL_TRANSPORT,1,1.5,64.4,4.04,3,SAFE,false
2026-10-01T10:00:01.000Z,SYNTHETIC_BENCHMARK,Scenario 1: Head-On Process Walkway,AMR-01,Process Operator,14.43,23.41,78.31,25.5,1.45,0.88,0.5,0.8,1,0.5,1,25,0,MATERIAL_TRANSPORT,1,1.5,63.91,4.12,3,SAFE,false
2026-10-01T10:00:01.000Z,SYNTHETIC_BENCHMARK,Scenario 1: Head-On Process Walkway,AMR-01,Process Operator,14.46,23.2,78.17,25.76,1.26,1.01,0.5,0.8,1,0.5,1,25,0,MATERIAL_TRANSPORT,1,1.5,63.76,3.96,3,SAFE,false
2026-10-01T10:00:01.000Z,SYNTHETIC_BENCHMARK,Scenario 1: Head-On Process Walkway,AMR-01,Process Operator,15.36,21.28,77.13,22.44,1.05,1,0.5,0.8,1,0.5,1,25,0,MATERIAL_TRANSPORT,1,1.5,61.78,3.67,3,SAFE,false
2026-10-01T10:00:02.000Z,SYNTHETIC_BENCHMARK,Scenario 1: Head-On Process Walkway,AMR-01,Process Operator,15.8,24.31,77.85,24.85,1.36,1.24,0.5,0.8,1,0.5,1,25,0,MATERIAL_TRANSPORT,1,1.5,62.05,4.27,3,SAFE,false
2026-10-01T10:00:02.000Z,SYNTHETIC_BENCHMARK,Scenario 1: Head-On Process Walkway,AMR-01,Process Operator,16.44,23.97,76.99,22.34,1.13,0.94,0.5,0.8,1,0.5,1,25,0,MATERIAL_TRANSPORT,1,1.5,60.57,3.73,3,SAFE,false
2026-10-01T10:00:02.000Z,SYNTHETIC_BENCHMARK,Scenario 1: Head-On Process Walkway,AMR-01,Process Operator,17.95,21.91,75.23,24.24,0.87,0.5,0.5,0.8,1,0.5,1,25,0,MATERIAL_TRANSPORT,1,1.5,57.33,3.05,3,SAFE,false
2026-10-01T10:00:02.000Z,SYNTHETIC_BENCHMARK,Scenario 1: Head-On Process Walkway,AMR-01,Process Operator,17,24.8,75.23,23.87,1.14,1.5,0.5,0.8,1,0.5,1,25,0,MATERIAL_TRANSPORT,1,1.5,58.24,4.16,3,SAFE,false
2026-10-01T10:00:02.000Z,SYNTHETIC_BENCHMARK,Scenario 1: Head-On Process Walkway,AMR-01,Process Operator,18.25,24.32,75.65,22.58,0.86,0.77,0.5,0.8,1,0.5,1,25,0,MATERIAL_TRANSPORT,1,1.5,57.43,3.24,3,SAFE,false
2026-10-01T10:00:03.000Z,SYNTHETIC_BENCHMARK,Scenario 1: Head-On Process Walkway,AMR-01,Process Operator,18.38,22.12,75.16,25.7,2.16,1.09,0.5,0.8,1,0.5,1,25,0,MATERIAL_TRANSPORT,1,1.5,56.89,5.23,3,SAFE,false
2026-10-01T10:00:03.000Z,SYNTHETIC_BENCHMARK,Scenario 1: Head-On Process Walkway,AMR-01,Process Operator,18.04,24.87,74.43,22.56,2.39,0.47,0.5,0.8,1,0.5,1,25,0,MATERIAL_TRANSPORT,1,1.5,56.44,5.08,3,SAFE,false
2026-10-01T10:00:03.000Z,SYNTHETIC_BENCHMARK,Scenario 1: Head-On Process Walkway,AMR-01,Process Operator,19.9,24.25,74.13,22.49,2.06,0.5,0.5,0.8,1,0.5,1,25,0,MATERIAL_TRANSPORT,1,1.5,54.26,4.66,3,SAFE,false
2026-10-01T10:00:03.000Z,SYNTHETIC_BENCHMARK,Scenario 1: Head-On Process Walkway,AMR-01,Process Operator,20.64,21.91,72.92,22.83,1.72,1.59,0.5,0.8,1,0.5,1,25,0,MATERIAL_TRANSPORT,1,1.5,52.29,5.01,3,SAFE,false
2026-10-01T10:00:03.000Z,SYNTHETIC_BENCHMARK,Scenario 1: Head-On Process Walkway,AMR-01,Process Operator,20.91,24.53,73.48,24.91,1.9,0.53,0.5,0.8,1,0.5,1,25,0,MATERIAL_TRANSPORT,1,1.5,52.57,4.46,3,SAFE,false
2026-10-01T10:00:04.000Z,SYNTHETIC_BENCHMARK,Scenario 1: Head-On Process Walkway,AMR-01,Process Operator,21.39,23.77,72.45,22.07,1.53,1.33,0.5,0.8,1,0.5,1,25,0,MATERIAL_TRANSPORT,1,1.5,51.09,4.56,3,SAFE,false
2026-10-01T10:00:04.000Z,SYNTHETIC_BENCHMARK,Scenario 1: Head-On Process Walkway,AMR-01,Process Operator,20.73,21.29,72.52,23.63,1.14,0.78,0.5,0.8,1,0.5,1,25,0,MATERIAL_TRANSPORT,1,1.5,51.84,3.62,3,SAFE,false
2026-10-01T10:00:04.000Z,SYNTHETIC_BENCHMARK,Scenario 1: Head-On Process Walkway,AMR-01,Process Operator,21.62,23.77,72.35,22.93,1.28,0.49,0.5,0.8,1,0.5,1,25,0,MATERIAL_TRANSPORT,1,1.5,50.74,3.6,3,SAFE,false
2026-10-01T10:00:04.000Z,SYNTHETIC_BENCHMARK,Scenario 1: Head-On Process Walkway,AMR-01,Process Operator,22.7,22.87,72.61,25.31,0.86,0.85,0.5,0.8,1,0.5,1,25,0,MATERIAL_TRANSPORT,1,1.5,49.97,3.3,3,SAFE,false
2026-10-01T10:00:04.000Z,SYNTHETIC_BENCHMARK,Scenario 1: Head-On Process Walkway,AMR-01,Process Operator,22.66,20.25,71.95,24.1,2.03,1.08,0.5,0.8,1,0.5,1,25,0,MATERIAL_TRANSPORT,1,1.5,49.44,5.05,3,SAFE,false
2026-10-01T10:00:05.000Z,SYNTHETIC_BENCHMARK,Scenario 1: Head-On Process Walkway,AMR-01,Process Operator,24.15,22.59,71.06,24.62,2.12,1.55,0.5,0.8,1,0.5,1,25,0,MATERIAL_TRANSPORT,1,1.5,46.95,5.52,3,SAFE,false
2026-10-01T10:00:05.000Z,SYNTHETIC_BENCHMARK,Scenario 1: Head-On Process Walkway,AMR-01,Process Operator,23.85,21.55,70.59,24.22,1.66,1.48,0.5,0.8,1,0.5,1,25,0,MATERIAL_TRANSPORT,1,1.5,46.82,4.85,3,SAFE,false
2026-10-01T10:00:05.000Z,SYNTHETIC_BENCHMARK,Scenario 1: Head-On Process Walkway,AMR-01,Process Operator,24.42,23.8,69.22,24.23,1.19,1.27,0.5,0.8,1,0.5,1,25,0,MATERIAL_TRANSPORT,1,1.5,44.8,4.06,3,SAFE,false
2026-10-01T10:00:05.000Z,SYNTHETIC_BENCHMARK,Scenario 1: Head-On Process Walkway,AMR-01,Process Operator,24.53,21,69.6,25.98,1.23,1.31,0.5,0.8,1,0.5,1,25,0,MATERIAL_TRANSPORT,1,1.5,45.34,4.14,3,SAFE,false
2026-10-01T10:00:05.000Z,SYNTHETIC_BENCHMARK,Scenario 1: Head-On Process Walkway,AMR-01,Process Operator,24.83,24.82,68.41,22.8,2.33,0.81,0.5,0.8,1,0.5,1,25,0,MATERIAL_TRANSPORT,1,1.5,43.63,5.25,3,SAFE,false
2026-10-01T10:00:06.000Z,SYNTHETIC_BENCHMARK,Scenario 1: Head-On Process Walkway,AMR-01,Process Operator,26.01,21.92,68.31,24.03,1.81,1.37,0.5,0.8,1,0.5,1,25,0,MATERIAL_TRANSPORT,1,1.5,42.35,4.97,3,SAFE,false
2026-10-01T10:00:06.000Z,SYNTHETIC_BENCHMARK,Scenario 1: Head-On Process Walkway,AMR-01,Process Operator,26.73,23.98,67.98,23,1.81,0.98,0.5,0.8,1,0.5,1,25,0,MATERIAL_TRANSPORT,1,1.5,41.26,4.68,3,SAFE,false
2026-10-01T10:00:06.000Z,SYNTHETIC_BENCHMARK,Scenario 1: Head-On Process Walkway,AMR-01,Process Operator,27.65,22.67,68.06,25.04,1.27,1.24,0.5,0.8,1,0.5,1,25,0,MATERIAL_TRANSPORT,1,1.5,40.48,4.14,3,SAFE,false
2026-10-01T10:00:06.000Z,SYNTHETIC_BENCHMARK,Scenario 1: Head-On Process Walkway,AMR-01,Process Operator,27.44,24.63,67.24,23.49,2.3,1.36,0.5,0.8,1,0.5,1,25,0,MATERIAL_TRANSPORT,1,1.5,39.82,5.63,3,SAFE,false
2026-10-01T10:00:06.000Z,SYNTHETIC_BENCHMARK,Scenario 1: Head-On Process Walkway,AMR-01,Process Operator,28.77,21.56,68.18,23.68,2.26,0.54,0.5,0.8,1,0.5,1,25,0,MATERIAL_TRANSPORT,1,1.5,39.47,4.96,3,SAFE,false
2026-10-01T10:00:07.000Z,SYNTHETIC_BENCHMARK,Scenario 1: Head-On Process Walkway,AMR-01,Process Operator,28.3,20.1,67.55,22.95,1.67,1.57,0.5,0.8,1,0.5,1,25,0,MATERIAL_TRANSPORT,1,1.5,39.35,4.93,3,SAFE,false
2026-10-01T10:00:07.000Z,SYNTHETIC_BENCHMARK,Scenario 1: Head-On Process Walkway,AMR-01,Process Operator,28.7,21.93,66.01,22.62,1.06,1.26,0.5,0.8,1,0.5,1,25,0,MATERIAL_TRANSPORT,1,1.5,37.32,3.88,3,SAFE,false
2026-10-01T10:00:07.000Z,SYNTHETIC_BENCHMARK,Scenario 1: Head-On Process Walkway,AMR-01,Process Operator,28.64,23.71,66.23,24.04,0.97,1.2,0.5,0.8,1,0.5,1,25,0,MATERIAL_TRANSPORT,1,1.5,37.59,3.71,3,SAFE,false
2026-10-01T10:00:07.000Z,SYNTHETIC_BENCHMARK,Scenario 1: Head-On Process Walkway,AMR-01,Process Operator,30.78,22.12,64.87,24.53,1.93,0.6,0.5,0.8,1,0.5,1,25,0,MATERIAL_TRANSPORT,1,1.5,34.18,4.56,3,SAFE,false
2026-10-01T10:00:07.000Z,SYNTHETIC_BENCHMARK,Scenario 1: Head-On Process Walkway,AMR-01,Process Operator,29.79,23.81,64.61,25.42,1.28,1.05,0.5,0.8,1,0.5,1,25,0,MATERIAL_TRANSPORT,1,1.5,34.86,4.02,3,SAFE,false
2026-10-01T10:00:08.000Z,SYNTHETIC_BENCHMARK,Scenario 1: Head-On Process Walkway,AMR-01,Process Operator,30.34,20.45,64.1,24.06,1.15,0.56,0.5,0.8,1,0.5,1,25,0,MATERIAL_TRANSPORT,1,1.5,33.95,3.47,3,SAFE,false
2026-10-01T10:00:08.000Z,SYNTHETIC_BENCHMARK,Scenario 1: Head-On Process Walkway,AMR-01,Process Operator,31.1,23.72,64.02,25.77,2.07,0.73,0.5,0.8,1,0.5,1,25,0,MATERIAL_TRANSPORT,1,1.5,32.98,4.84,3,SAFE,false
2026-10-01T10:00:08.000Z,SYNTHETIC_BENCHMARK,Scenario 1: Head-On Process Walkway,AMR-01,Process Operator,32.72,20.27,65.04,23.89,1.37,0.75,0.5,0.8,1,0.5,1,25,0,MATERIAL_TRANSPORT,1,1.5,32.52,3.91,3,SAFE,false
2026-10-01T10:00:08.000Z,SYNTHETIC_BENCHMARK,Scenario 1: Head-On Process Walkway,AMR-01,Process Operator,31.88,21.77,63.81,23.75,1.19,1.02,0.5,0.8,1,0.5,1,25,0,MATERIAL_TRANSPORT,1,1.5,31.99,3.87,3,SAFE,false
2026-10-01T10:00:08.000Z,SYNTHETIC_BENCHMARK,Scenario 1: Head-On Process Walkway,AMR-01,Process Operator,33.25,24.9,63.01,22.68,2.07,0.75,0.5,0.8,1,0.5,1,25,0,MATERIAL_TRANSPORT,1,1.5,29.84,4.86,3,SAFE,false
2026-10-01T10:00:09.000Z,SYNTHETIC_BENCHMARK,Scenario 1: Head-On Process Walkway,AMR-01,Process Operator,33.48,21.31,63.3,22.02,1.33,1.54,0.5,0.8,1,0.5,1,25,0,MATERIAL_TRANSPORT,1,1.5,29.83,4.45,3,SAFE,false
2026-10-01T10:00:09.000Z,SYNTHETIC_BENCHMARK,Scenario 1: Head-On Process Walkway,AMR-01,Process Operator,33.25,22.68,63.35,23.1,1.11,1.38,0.5,0.8,1,0.5,1,25,0,MATERIAL_TRANSPORT,1,1.5,30.1,4.03,3,SAFE,false
2026-10-01T10:00:09.000Z,SYNTHETIC_BENCHMARK,Scenario 1: Head-On Process Walkway,AMR-01,Process Operator,35.23,20.67,61.83,23.25,1.94,0.68,0.5,0.8,1,0.5,1,25,0,MATERIAL_TRANSPORT,1,1.5,26.72,4.63,3,SAFE,false
2026-10-01T10:00:09.000Z,SYNTHETIC_BENCHMARK,Scenario 1: Head-On Process Walkway,AMR-01,Process Operator,34.08,21.94,61.4,23.82,1.15,1.04,0.5,0.8,1,0.5,1,25,0,MATERIAL_TRANSPORT,1,1.5,27.38,3.83,3,SAFE,false
2026-10-01T10:00:09.000Z,SYNTHETIC_BENCHMARK,Scenario 1: Head-On Process Walkway,AMR-01,Process Operator,36.46,23.17,60.73,22.12,0.89,0.45,0.5,0.8,1,0.5,1,25,0,MATERIAL_TRANSPORT,1,1.5,24.29,3.04,3,SAFE,false
2026-10-01T10:00:10.000Z,SYNTHETIC_BENCHMARK,Scenario 1: Head-On Process Walkway,AMR-01,Process Operator,35.05,21.01,60.48,23.5,1.67,0.51,0.5,0.8,1,0.5,1,25,0,MATERIAL_TRANSPORT,1,1.5,25.55,4.14,3,SAFE,false
2026-10-01T10:00:10.000Z,SYNTHETIC_BENCHMARK,Scenario 1: Head-On Process Walkway,AMR-01,Process Operator,36.5,22.15,61.33,25.28,0.84,0.43,0.5,0.8,1,0.5,1,25,0,MATERIAL_TRANSPORT,1,1.5,25.03,2.96,3,SAFE,false
2026-10-01T10:00:10.000Z,SYNTHETIC_BENCHMARK,Scenario 1: Head-On Process Walkway,AMR-01,Process Operator,37.5,23.24,59.94,24.81,2.13,0.61,0.5,0.8,1,0.5,1,25,0,MATERIAL_TRANSPORT,1,1.5,22.49,4.83,3,SAFE,false
2026-10-01T10:00:10.000Z,SYNTHETIC_BENCHMARK,Scenario 1: Head-On Process Walkway,AMR-01,Process Operator,36.69,20.95,58.97,23.41,1.27,1.44,0.5,0.8,1,0.5,1,25,0,MATERIAL_TRANSPORT,1,1.5,22.42,4.29,3,SAFE,false
2026-10-01T10:00:10.000Z,SYNTHETIC_BENCHMARK,Scenario 1: Head-On Process Walkway,AMR-01,Process Operator,38.76,21.94,59.09,22.41,2,0.93,0.5,0.8,1,0.5,1,25,0,MATERIAL_TRANSPORT,1,1.5,20.34,4.9,3,SAFE,false
2026-10-01T10:00:11.000Z,SYNTHETIC_BENCHMARK,Scenario 1: Head-On Process Walkway,AMR-01,Process Operator,38.37,22.89,58.98,23.16,1.64,0.67,0.5,0.8,1,0.5,1,25,0,MATERIAL_TRANSPORT,1,1.5,20.61,4.22,3,SAFE,false
2026-10-01T10:00:11.000Z,SYNTHETIC_BENCHMARK,Scenario 1: Head-On Process Walkway,AMR-01,Process Operator,38.18,20.46,59.29,22.98,2.34,1.07,0.5,0.8,1,0.5,1,25,0,MATERIAL_TRANSPORT,1,1.5,21.26,5.46,3,SAFE,false
2026-10-01T10:00:11.000Z,SYNTHETIC_BENCHMARK,Scenario 1: Head-On Process Walkway,AMR-01,Process Operator,38.86,21.32,58.69,23.21,1.42,1.32,0.5,0.8,1,0.5,1,25,0,MATERIAL_TRANSPORT,1,1.5,19.92,4.41,3,SAFE,false
2026-10-01T10:00:11.000Z,SYNTHETIC_BENCHMARK,Scenario 1: Head-On Process Walkway,AMR-01,Process Operator,39.07,22.13,57.85,25.18,1.02,0.63,0.5,0.8,1,0.5,1,25,0,MATERIAL_TRANSPORT,1,1.5,19.03,3.35,3,SAFE,false
2026-10-01T10:00:11.000Z,SYNTHETIC_BENCHMARK,Scenario 1: Head-On Process Walkway,AMR-01,Process Operator,41.49,24.56,57.44,22.23,1.67,0.6,0.5,0.8,1,0.5,1,25,0,MATERIAL_TRANSPORT,1,1.5,16.12,4.2,3,SAFE,false
2026-10-01T10:00:12.000Z,SYNTHETIC_BENCHMARK,Scenario 1: Head-On Process Walkway,AMR-01,Process Operator,40.78,20.28,56.12,23.68,2.31,0.42,0.5,0.8,1,0.5,1,25,0,MATERIAL_TRANSPORT,1,1.5,15.71,4.93,3,SAFE,false
2026-10-01T10:00:12.000Z,SYNTHETIC_BENCHMARK,Scenario 1: Head-On Process Walkway,AMR-01,Process Operator,41.61,20.96,56.56,22.87,1.87,0.49,0.5,0.8,1,0.5,1,25,0,MATERIAL_TRANSPORT,1,1.5,15.07,4.39,3,SAFE,false
2026-10-01T10:00:12.000Z,SYNTHETIC_BENCHMARK,Scenario 1: Head-On Process Walkway,AMR-01,Process Operator,42.64,23.25,55.43,25.14,0.87,1.22,0.5,0.8,1,0.5,1,25,0,MATERIAL_TRANSPORT,1,1.5,12.93,3.59,3,SAFE,false
2026-10-01T10:00:12.000Z,SYNTHETIC_BENCHMARK,Scenario 1: Head-On Process Walkway,AMR-01,Process Operator,42.54,23.83,55.39,23.81,1.47,0.61,0.5,0.8,1,0.5,1,25,0,MATERIAL_TRANSPORT,1,1.5,12.85,3.94,3,SAFE,false
2026-10-01T10:00:12.000Z,SYNTHETIC_BENCHMARK,Scenario 1: Head-On Process Walkway,AMR-01,Process Operator,43.98,24.36,55.1,24.22,0.98,1.45,0.5,0.8,1,0.5,1,25,0,MATERIAL_TRANSPORT,1,1.5,11.12,3.91,3,SAFE,false
2026-10-01T10:00:13.000Z,SYNTHETIC_BENCHMARK,Scenario 1: Head-On Process Walkway,AMR-01,Process Operator,43.63,21.51,55.25,23.71,1.54,0.55,0.5,0.8,1,0.5,1,25,0,MATERIAL_TRANSPORT,1,1.5,11.83,3.99,3,SAFE,false
2026-10-01T10:00:13.000Z,SYNTHETIC_BENCHMARK,Scenario 1: Head-On Process Walkway,AMR-01,Process Operator,44.14,21.96,54.48,23.61,2.09,0.71,0.5,0.8,1,0.5,1,25,0,MATERIAL_TRANSPORT,1,1.5,10.47,4.85,3,SAFE,false
2026-10-01T10:00:13.000Z,SYNTHETIC_BENCHMARK,Scenario 1: Head-On Process Walkway,AMR-01,Process Operator,44.19,22.35,53.48,25.24,1.56,1.12,0.5,0.8,1,0.5,1,25,0,MATERIAL_TRANSPORT,1,1.5,9.73,4.45,3,SAFE,false
2026-10-01T10:00:13.000Z,SYNTHETIC_BENCHMARK,Scenario 1: Head-On Process Walkway,AMR-01,Process Operator,44.44,24.36,52.9,25.95,2.08,0.98,0.5,0.8,1,0.5,1,25,0,MATERIAL_TRANSPORT,1,1.5,8.61,5.04,3,SAFE,false
2026-10-01T10:00:13.000Z,SYNTHETIC_BENCHMARK,Scenario 1: Head-On Process Walkway,AMR-01,Process Operator,45.56,24.67,53.41,23.07,0.98,0.7,0.5,0.8,1,0.5,1,25,0,MATERIAL_TRANSPORT,1,1.5,8.01,3.35,3,SAFE,false
2026-10-01T10:00:14.000Z,SYNTHETIC_BENCHMARK,Scenario 1: Head-On Process Walkway,AMR-01,Process Operator,46.23,24.92,53.69,25.93,2,0.68,0.5,0.8,1,0.5,1,25,0,MATERIAL_TRANSPORT,1,1.5,7.53,4.71,3,SAFE,false
2026-10-01T10:00:14.000Z,SYNTHETIC_BENCHMARK,Scenario 1: Head-On Process Walkway,AMR-01,Process Operator,47.09,21.8,52.39,23.86,0.88,1.31,0.5,0.8,1,0.5,1,25,0,MATERIAL_TRANSPORT,1,1.5,5.69,3.67,3,SAFE,false
2026-10-01T10:00:14.000Z,SYNTHETIC_BENCHMARK,Scenario 1: Head-On Process Walkway,AMR-01,Process Operator,46.83,21.96,52.18,22.2,1.34,0.6,0.5,0.8,1,0.5,1,25,0,MATERIAL_TRANSPORT,1,1.5,5.36,3.76,3,SAFE,false
2026-10-01T10:00:14.000Z,SYNTHETIC_BENCHMARK,Scenario 1: Head-On Process Walkway,AMR-01,Process Operator,48.1,22.08,51.73,22.29,2.31,1.34,0.5,0.8,1,0.5,1,25,0,MATERIAL_TRANSPORT,1,1.5,3.64,5.62,3,UNSAFE,false
2026-10-01T10:00:14.000Z,SYNTHETIC_BENCHMARK,Scenario 1: Head-On Process Walkway,AMR-01,Process Operator,47.57,23.81,51.71,25.44,1.14,1.54,0.5,0.8,1,0.5,1,25,0,MATERIAL_TRANSPORT,1,1.5,4.45,4.19,3,SAFE,false
2026-10-01T10:00:15.000Z,SYNTHETIC_BENCHMARK,Scenario 1: Head-On Process Walkway,AMR-01,Process Operator,47.92,23.84,50.77,25,1.56,1.59,0.5,0.8,1,0.5,1,25,0,MATERIAL_TRANSPORT,1,1.5,3.08,4.8,3,UNSAFE,false
2026-10-01T10:00:15.000Z,SYNTHETIC_BENCHMARK,Scenario 1: Head-On Process Walkway,AMR-01,Process Operator,49.8,23.82,49.6,22.31,0.89,0.7,0.5,0.8,1,0.5,1,25,0,MATERIAL_TRANSPORT,1,1.5,1.52,3.23,3,UNSAFE,false
2026-10-01T10:00:15.000Z,SYNTHETIC_BENCHMARK,Scenario 1: Head-On Process Walkway,AMR-01,Process Operator,49.89,20.41,50.86,22.68,1.28,0.47,0.5,0.8,1,0.5,1,25,0,MATERIAL_TRANSPORT,1,1.5,2.47,3.58,3,WARNING,false
2026-10-01T10:00:15.000Z,SYNTHETIC_BENCHMARK,Scenario 1: Head-On Process Walkway,AMR-01,Process Operator,50.85,20.3,49.21,23.47,1.65,1.29,0.5,0.8,1,0.5,1,25,0,MATERIAL_TRANSPORT,1,1.5,3.57,4.7,3,WARNING,false
2026-10-01T10:00:15.000Z,SYNTHETIC_BENCHMARK,Scenario 1: Head-On Process Walkway,AMR-01,Process Operator,51.34,20.14,49.31,25.99,0.94,1.16,0.5,0.8,1,0.5,1,25,0,MATERIAL_TRANSPORT,1,1.5,6.19,3.64,3,SAFE,false
2026-10-01T10:00:16.000Z,SYNTHETIC_BENCHMARK,Scenario 1: Head-On Process Walkway,AMR-01,Process Operator,50.04,21.6,49.84,23.59,1.28,0.5,0.5,0.8,1,0.5,1,25,0,MATERIAL_TRANSPORT,1,1.5,2,3.6,3,UNSAFE,false
2026-10-01T10:00:16.000Z,SYNTHETIC_BENCHMARK,Scenario 1: Head-On Process Walkway,AMR-01,Process Operator,51.61,21.34,49.47,25.6,1.61,0.88,0.5,0.8,1,0.5,1,25,0,MATERIAL_TRANSPORT,1,1.5,4.77,4.33,3,SAFE,false
2026-10-01T10:00:16.000Z,SYNTHETIC_BENCHMARK,Scenario 1: Head-On Process Walkway,AMR-01,Process Operator,52.71,21.04,48.85,25.35,0.85,1.53,0.5,0.8,1,0.5,1,25,0,MATERIAL_TRANSPORT,1,1.5,5.79,3.79,3,SAFE,false
2026-10-01T10:00:16.000Z,SYNTHETIC_BENCHMARK,Scenario 1: Head-On Process Walkway,AMR-01,Process Operator,52.02,22.36,48.66,24.17,1.15,0.42,0.5,0.8,1,0.5,1,25,0,MATERIAL_TRANSPORT,1,1.5,3.82,3.37,3,SAFE,false
2026-10-01T10:00:16.000Z,SYNTHETIC_BENCHMARK,Scenario 1: Head-On Process Walkway,AMR-01,Process Operator,52.2,21.97,47.57,23.4,1.43,1.58,0.5,0.8,1,0.5,1,25,0,MATERIAL_TRANSPORT,1,1.5,4.85,4.62,3,SAFE,false
2026-10-01T10:00:17.000Z,SYNTHETIC_BENCHMARK,Scenario 1: Head-On Process Walkway,AMR-01,Process Operator,53.92,21.53,46.23,24.37,2.23,0.59,0.5,0.8,1,0.5,1,25,0,MATERIAL_TRANSPORT,1,1.5,8.2,4.95,3,SAFE,false
2026-10-01T10:00:17.000Z,SYNTHETIC_BENCHMARK,Scenario 1: Head-On Process Walkway,AMR-01,Process Operator,53.84,22.71,47.32,24.41,0.88,1.45,0.5,0.8,1,0.5,1,25,0,MATERIAL_TRANSPORT,1,1.5,6.74,3.78,3,SAFE,false
2026-10-01T10:00:17.000Z,SYNTHETIC_BENCHMARK,Scenario 1: Head-On Process Walkway,AMR-01,Process Operator,54.63,22.18,45.5,24.86,1.12,0.97,0.5,0.8,1,0.5,1,25,0,MATERIAL_TRANSPORT,1,1.5,9.52,3.74,3,SAFE,false
2026-10-01T10:00:17.000Z,SYNTHETIC_BENCHMARK,Scenario 1: Head-On Process Walkway,AMR-01,Process Operator,54.95,21.6,45.44,23.06,1.87,0.75,0.5,0.8,1,0.5,1,25,0,MATERIAL_TRANSPORT,1,1.5,9.62,4.59,3,SAFE,false
2026-10-01T10:00:17.000Z,SYNTHETIC_BENCHMARK,Scenario 1: Head-On Process Walkway,AMR-01,Process Operator,55.49,22.65,45.8,24.32,2.08,1.18,0.5,0.8,1,0.5,1,25,0,MATERIAL_TRANSPORT,1,1.5,9.83,5.19,3,SAFE,false
2026-10-01T10:00:18.000Z,SYNTHETIC_BENCHMARK,Scenario 1: Head-On Process Walkway,AMR-01,Process Operator,56.89,21.98,45.26,26,2.28,1.47,0.5,0.8,1,0.5,1,25,0,MATERIAL_TRANSPORT,1,1.5,12.31,5.68,3,SAFE,false
2026-10-01T10:00:18.000Z,SYNTHETIC_BENCHMARK,Scenario 1: Head-On Process Walkway,AMR-01,Process Operator,55.83,21.26,44.48,25.41,1.39,0.81,0.5,0.8,1,0.5,1,25,0,MATERIAL_TRANSPORT,1,1.5,12.08,3.98,3,SAFE,false
2026-10-01T10:00:18.000Z,SYNTHETIC_BENCHMARK,Scenario 1: Head-On Process Walkway,AMR-01,Process Operator,56.97,22.16,44.12,23.9,1.55,0.81,0.5,0.8,1,0.5,1,25,0,MATERIAL_TRANSPORT,1,1.5,12.97,4.2,3,SAFE,false
2026-10-01T10:00:18.000Z,SYNTHETIC_BENCHMARK,Scenario 1: Head-On Process Walkway,AMR-01,Process Operator,56.98,21.35,42.86,22.79,1.7,0.66,0.5,0.8,1,0.5,1,25,0,MATERIAL_TRANSPORT,1,1.5,14.19,4.29,3,SAFE,false
2026-10-01T10:00:18.000Z,SYNTHETIC_BENCHMARK,Scenario 1: Head-On Process Walkway,AMR-01,Process Operator,58.53,20.5,43.35,23.43,2.37,0.77,0.5,0.8,1,0.5,1,25,0,MATERIAL_TRANSPORT,1,1.5,15.46,5.28,3,SAFE,false
2026-10-01T10:00:19.000Z,SYNTHETIC_BENCHMARK,Scenario 1: Head-On Process Walkway,AMR-01,Process Operator,58.28,21.26,42.28,23.14,0.88,1.54,0.5,0.8,1,0.5,1,25,0,MATERIAL_TRANSPORT,1,1.5,16.11,3.84,3,SAFE,false
2026-10-01T10:00:19.000Z,SYNTHETIC_BENCHMARK,Scenario 1: Head-On Process Walkway,AMR-01,Process Operator,58.91,20.32,42.29,23.26,0.99,0.96,0.5,0.8,1,0.5,1,25,0,MATERIAL_TRANSPORT,1,1.5,16.88,3.56,3,SAFE,false
2026-10-01T10:00:19.000Z,SYNTHETIC_BENCHMARK,Scenario 1: Head-On Process Walkway,AMR-01,Process Operator,59.07,24.32,42.06,25.12,1.61,0.63,0.5,0.8,1,0.5,1,25,0,MATERIAL_TRANSPORT,1,1.5,17.03,4.15,3,SAFE,false
2026-10-01T10:00:19.000Z,SYNTHETIC_BENCHMARK,Scenario 1: Head-On Process Walkway,AMR-01,Process Operator,59.43,24.95,42.26,22.05,1.68,0.97,0.5,0.8,1,0.5,1,25,0,MATERIAL_TRANSPORT,1,1.5,17.41,4.5,3,SAFE,false
2026-10-01T10:00:19.000Z,SYNTHETIC_BENCHMARK,Scenario 1: Head-On Process Walkway,AMR-01,Process Operator,60.67,23.86,41.55,23.39,1.74,1.15,0.5,0.8,1,0.5,1,25,0,MATERIAL_TRANSPORT,1,1.5,19.13,4.71,3,SAFE,false
2026-10-01T10:00:20.000Z,SYNTHETIC_BENCHMARK,Scenario 1: Head-On Process Walkway,AMR-01,Process Operator,61.44,22.73,40.6,22.47,2.32,1.6,0.5,0.8,1,0.5,1,25,0,MATERIAL_TRANSPORT,1,1.5,20.84,5.83,3,SAFE,false
2026-10-01T10:00:20.000Z,SYNTHETIC_BENCHMARK,Scenario 1: Head-On Process Walkway,AMR-01,Process Operator,62.42,23.21,40.08,24.63,2.35,1.49,0.5,0.8,1,0.5,1,25,0,MATERIAL_TRANSPORT,1,1.5,22.39,5.79,3,SAFE,false
2026-10-01T10:00:20.000Z,SYNTHETIC_BENCHMARK,Scenario 1: Head-On Process Walkway,AMR-01,Process Operator,62.26,21.99,40.65,23.19,2.37,1.25,0.5,0.8,1,0.5,1,25,0,MATERIAL_TRANSPORT,1,1.5,21.64,5.64,3,SAFE,false
2026-10-01T10:00:20.000Z,SYNTHETIC_BENCHMARK,Scenario 1: Head-On Process Walkway,AMR-01,Process Operator,61.64,20.72,38.98,23.49,1.3,1.26,0.5,0.8,1,0.5,1,25,0,MATERIAL_TRANSPORT,1,1.5,22.83,4.2,3,SAFE,false
2026-10-01T10:00:20.000Z,SYNTHETIC_BENCHMARK,Scenario 1: Head-On Process Walkway,AMR-01,Process Operator,63.23,21.06,39.73,22.87,1.29,0.72,0.5,0.8,1,0.5,1,25,0,MATERIAL_TRANSPORT,1,1.5,23.57,3.78,3,SAFE,false
2026-10-01T10:00:21.000Z,SYNTHETIC_BENCHMARK,Scenario 1: Head-On Process Walkway,AMR-01,Process Operator,63.69,24.7,39.58,22.65,1.26,1.24,0.5,0.8,1,0.5,1,25,0,MATERIAL_TRANSPORT,1,1.5,24.2,4.13,3,SAFE,false
2026-10-01T10:00:21.000Z,SYNTHETIC_BENCHMARK,Scenario 1: Head-On Process Walkway,AMR-01,Process Operator,63.68,23.29,39.19,24.18,1.75,0.82,0.5,0.8,1,0.5,1,25,0,MATERIAL_TRANSPORT,1,1.5,24.51,4.48,3,SAFE,false
2026-10-01T10:00:21.000Z,SYNTHETIC_BENCHMARK,Scenario 1: Head-On Process Walkway,AMR-01,Process Operator,63.88,23.5,37.22,24.78,1.69,1.05,0.5,0.8,1,0.5,1,25,0,MATERIAL_TRANSPORT,1,1.5,26.69,4.57,3,SAFE,false
2026-10-01T10:00:21.000Z,SYNTHETIC_BENCHMARK,Scenario 1: Head-On Process Walkway,AMR-01,Process Operator,64.95,21.99,38.35,25.79,1.61,1.14,0.5,0.8,1,0.5,1,25,0,MATERIAL_TRANSPORT,1,1.5,26.87,4.53,3,SAFE,false
2026-10-01T10:00:21.000Z,SYNTHETIC_BENCHMARK,Scenario 1: Head-On Process Walkway,AMR-01,Process Operator,65.55,20.44,37.23,24.53,2.06,1.48,0.5,0.8,1,0.5,1,25,0,MATERIAL_TRANSPORT,1,1.5,28.61,5.39,3,SAFE,false
2026-10-01T10:00:22.000Z,SYNTHETIC_BENCHMARK,Scenario 1: Head-On Process Walkway,AMR-01,Process Operator,66.36,20.51,36.54,22.36,1.95,1.28,0.5,0.8,1,0.5,1,25,0,MATERIAL_TRANSPORT,1,1.5,29.88,5.09,3,SAFE,false
2026-10-01T10:00:22.000Z,SYNTHETIC_BENCHMARK,Scenario 1: Head-On Process Walkway,AMR-01,Process Operator,66.04,23.87,36.94,24.58,1.84,0.93,0.5,0.8,1,0.5,1,25,0,MATERIAL_TRANSPORT,1,1.5,29.11,4.68,3,SAFE,false
2026-10-01T10:00:22.000Z,SYNTHETIC_BENCHMARK,Scenario 1: Head-On Process Walkway,AMR-01,Process Operator,67.26,22.18,37.11,24.55,2.24,0.84,0.5,0.8,1,0.5,1,25,0,MATERIAL_TRANSPORT,1,1.5,30.24,5.15,3,SAFE,false
2026-10-01T10:00:22.000Z,SYNTHETIC_BENCHMARK,Scenario 1: Head-On Process Walkway,AMR-01,Process Operator,66.68,22.11,35.69,23.6,2.09,1.41,0.5,0.8,1,0.5,1,25,0,MATERIAL_TRANSPORT,1,1.5,31.03,5.38,3,SAFE,false
2026-10-01T10:00:22.000Z,SYNTHETIC_BENCHMARK,Scenario 1: Head-On Process Walkway,AMR-01,Process Operator,68.97,20.33,35.37,23.05,1.93,0.63,0.5,0.8,1,0.5,1,25,0,MATERIAL_TRANSPORT,1,1.5,33.71,4.58,3,SAFE,false
2026-10-01T10:00:23.000Z,SYNTHETIC_BENCHMARK,Scenario 1: Head-On Process Walkway,AMR-01,Process Operator,68.8,23.5,34.81,24.24,2.28,1.3,0.5,0.8,1,0.5,1,25,0,MATERIAL_TRANSPORT,1,1.5,34,5.55,3,SAFE,false
2026-10-01T10:00:23.000Z,SYNTHETIC_BENCHMARK,Scenario 1: Head-On Process Walkway,AMR-01,Process Operator,68.83,23.3,34.68,24.51,2.09,1.44,0.5,0.8,1,0.5,1,25,0,MATERIAL_TRANSPORT,1,1.5,34.17,5.4,3,SAFE,false
2026-10-01T10:00:23.000Z,SYNTHETIC_BENCHMARK,Scenario 1: Head-On Process Walkway,AMR-01,Process Operator,69.73,21.38,33.64,25.18,1.88,1.42,0.5,0.8,1,0.5,1,25,0,MATERIAL_TRANSPORT,1,1.5,36.29,5.1,3,SAFE,false
2026-10-01T10:00:23.000Z,SYNTHETIC_BENCHMARK,Scenario 1: Head-On Process Walkway,AMR-01,Process Operator,70.17,24.41,34.36,23.6,2.19,0.47,0.5,0.8,1,0.5,1,25,0,MATERIAL_TRANSPORT,1,1.5,35.82,4.81,3,SAFE,false
2026-10-01T10:00:23.000Z,SYNTHETIC_BENCHMARK,Scenario 1: Head-On Process Walkway,AMR-01,Process Operator,70.81,24.06,33.5,25.08,1.96,1.36,0.5,0.8,1,0.5,1,25,0,MATERIAL_TRANSPORT,1,1.5,37.32,5.17,3,SAFE,false
2026-10-01T10:01:00.000Z,SYNTHETIC_BENCHMARK,Scenario 2: Perpendicular Blind Corner,AMR-01,Process Operator,10.32,22,81.74,22.98,1.71,0.92,0.5,0.8,1,0.5,1,25,0,MATERIAL_TRANSPORT,1,1.2,71.43,3.9,3,SAFE,false
2026-10-01T10:01:00.000Z,SYNTHETIC_BENCHMARK,Scenario 2: Perpendicular Blind Corner,AMR-01,Process Operator,11.37,24.9,79.73,22.62,1.97,0.73,0.5,0.8,1,0.5,1,25,0,MATERIAL_TRANSPORT,1,1.2,68.4,4.07,3,SAFE,false
2026-10-01T10:01:00.000Z,SYNTHETIC_BENCHMARK,Scenario 2: Perpendicular Blind Corner,AMR-01,Process Operator,12.63,24.41,80.15,25.33,1.69,1.19,0.5,0.8,1,0.5,1,25,0,MATERIAL_TRANSPORT,1,1.2,67.53,4.04,3,SAFE,false
2026-10-01T10:01:00.000Z,SYNTHETIC_BENCHMARK,Scenario 2: Perpendicular Blind Corner,AMR-01,Process Operator,12.75,22.21,79.67,24.45,1.4,1.51,0.5,0.8,1,0.5,1,25,0,MATERIAL_TRANSPORT,1,1.2,66.96,3.92,3,SAFE,false
2026-10-01T10:01:00.000Z,SYNTHETIC_BENCHMARK,Scenario 2: Perpendicular Blind Corner,AMR-01,Process Operator,12.41,24.97,78.94,25.3,1.62,0.89,0.5,0.8,1,0.5,1,25,0,MATERIAL_TRANSPORT,1,1.2,66.53,3.78,3,SAFE,false
2026-10-01T10:01:01.000Z,SYNTHETIC_BENCHMARK,Scenario 2: Perpendicular Blind Corner,AMR-01,Process Operator,14.28,24.35,78.64,25.24,1.29,0.92,0.5,0.8,1,0.5,1,25,0,MATERIAL_TRANSPORT,1,1.2,64.37,3.45,3,SAFE,false
2026-10-01T10:01:01.000Z,SYNTHETIC_BENCHMARK,Scenario 2: Perpendicular Blind Corner,AMR-01,Process Operator,13.01,22.01,79.43,25.58,0.95,0.81,0.5,0.8,1,0.5,1,25,0,MATERIAL_TRANSPORT,1,1.2,66.52,3.01,3,SAFE,false
2026-10-01T10:01:01.000Z,SYNTHETIC_BENCHMARK,Scenario 2: Perpendicular Blind Corner,AMR-01,Process Operator,15.28,24.63,77.98,23.66,1.13,0.95,0.5,0.8,1,0.5,1,25,0,MATERIAL_TRANSPORT,1,1.2,62.71,3.29,3,SAFE,false
2026-10-01T10:01:01.000Z,SYNTHETIC_BENCHMARK,Scenario 2: Perpendicular Blind Corner,AMR-01,Process Operator,15.76,23.86,76.96,24.81,2.36,0.55,0.5,0.8,1,0.5,1,25,0,MATERIAL_TRANSPORT,1,1.2,61.21,4.38,3,SAFE,false
2026-10-01T10:01:01.000Z,SYNTHETIC_BENCHMARK,Scenario 2: Perpendicular Blind Corner,AMR-01,Process Operator,15.1,21.39,77.03,22.38,1.98,1.2,0.5,0.8,1,0.5,1,25,0,MATERIAL_TRANSPORT,1,1.2,61.94,4.36,3,SAFE,false
2026-10-01T10:01:02.000Z,SYNTHETIC_BENCHMARK,Scenario 2: Perpendicular Blind Corner,AMR-01,Process Operator,15.99,23.86,76.86,25.68,2.11,0.91,0.5,0.8,1,0.5,1,25,0,MATERIAL_TRANSPORT,1,1.2,60.9,4.32,3,SAFE,false
2026-10-01T10:01:02.000Z,SYNTHETIC_BENCHMARK,Scenario 2: Perpendicular Blind Corner,AMR-01,Process Operator,17.07,22.96,77.11,24.06,1.69,1.28,0.5,0.8,1,0.5,1,25,0,MATERIAL_TRANSPORT,1,1.2,60.05,4.09,3,SAFE,false
2026-10-01T10:01:02.000Z,SYNTHETIC_BENCHMARK,Scenario 2: Perpendicular Blind Corner,AMR-01,Process Operator,17.03,20.35,76.46,22.84,1.26,1.5,0.5,0.8,1,0.5,1,25,0,MATERIAL_TRANSPORT,1,1.2,59.48,3.76,3,SAFE,false
2026-10-01T10:01:02.000Z,SYNTHETIC_BENCHMARK,Scenario 2: Perpendicular Blind Corner,AMR-01,Process Operator,16.53,22.69,75.56,23.37,1.35,0.78,0.5,0.8,1,0.5,1,25,0,MATERIAL_TRANSPORT,1,1.2,59.03,3.43,3,SAFE,false
2026-10-01T10:01:02.000Z,SYNTHETIC_BENCHMARK,Scenario 2: Perpendicular Blind Corner,AMR-01,Process Operator,18.22,21.65,75.1,22.97,0.9,0.71,0.5,0.8,1,0.5,1,25,0,MATERIAL_TRANSPORT,1,1.2,56.9,2.9,3,SAFE,false
2026-10-01T10:01:03.000Z,SYNTHETIC_BENCHMARK,Scenario 2: Perpendicular Blind Corner,AMR-01,Process Operator,18.79,23.89,75.72,22.97,2.02,0.49,0.5,0.8,1,0.5,1,25,0,MATERIAL_TRANSPORT,1,1.2,56.94,3.98,3,SAFE,false
2026-10-01T10:01:03.000Z,SYNTHETIC_BENCHMARK,Scenario 2: Perpendicular Blind Corner,AMR-01,Process Operator,18.9,21.09,74.11,24.72,2.07,0.54,0.5,0.8,1,0.5,1,25,0,MATERIAL_TRANSPORT,1,1.2,55.33,4.06,3,SAFE,false
2026-10-01T10:01:03.000Z,SYNTHETIC_BENCHMARK,Scenario 2: Perpendicular Blind Corner,AMR-01,Process Operator,19.21,24.91,74.92,25.54,1.56,1.24,0.5,0.8,1,0.5,1,25,0,MATERIAL_TRANSPORT,1,1.2,55.71,3.93,3,SAFE,false
2026-10-01T10:01:03.000Z,SYNTHETIC_BENCHMARK,Scenario 2: Perpendicular Blind Corner,AMR-01,Process Operator,20.39,22.02,72.82,22.77,1.04,0.59,0.5,0.8,1,0.5,1,25,0,MATERIAL_TRANSPORT,1,1.2,52.44,2.98,3,SAFE,false
2026-10-01T10:01:03.000Z,SYNTHETIC_BENCHMARK,Scenario 2: Perpendicular Blind Corner,AMR-01,Process Operator,21.1,24.08,72.48,25.74,1.04,1.4,0.5,0.8,1,0.5,1,25,0,MATERIAL_TRANSPORT,1,1.2,51.41,3.46,3,SAFE,false
2026-10-01T10:01:04.000Z,SYNTHETIC_BENCHMARK,Scenario 2: Perpendicular Blind Corner,AMR-01,Process Operator,20.02,22.76,72.57,23.78,2.1,0.46,0.5,0.8,1,0.5,1,25,0,MATERIAL_TRANSPORT,1,1.2,52.56,4.04,3,SAFE,false
2026-10-01T10:01:04.000Z,SYNTHETIC_BENCHMARK,Scenario 2: Perpendicular Blind Corner,AMR-01,Process Operator,21.81,24.73,71.75,22.24,1.53,0.58,0.5,0.8,1,0.5,1,25,0,MATERIAL_TRANSPORT,1,1.2,50,3.5,3,SAFE,false
2026-10-01T10:01:04.000Z,SYNTHETIC_BENCHMARK,Scenario 2: Perpendicular Blind Corner,AMR-01,Process Operator,21.14,21.65,72.69,22.43,1.49,0.96,0.5,0.8,1,0.5,1,25,0,MATERIAL_TRANSPORT,1,1.2,51.56,3.69,3,SAFE,false
2026-10-01T10:01:04.000Z,SYNTHETIC_BENCHMARK,Scenario 2: Perpendicular Blind Corner,AMR-01,Process Operator,22.67,20.2,72.06,25.69,0.9,0.79,0.5,0.8,1,0.5,1,25,0,MATERIAL_TRANSPORT,1,1.2,49.69,2.95,3,SAFE,false
2026-10-01T10:01:04.000Z,SYNTHETIC_BENCHMARK,Scenario 2: Perpendicular Blind Corner,AMR-01,Process Operator,23.07,22.03,70.51,25.37,1.89,0.48,0.5,0.8,1,0.5,1,25,0,MATERIAL_TRANSPORT,1,1.2,47.56,3.83,3,SAFE,false
2026-10-01T10:01:05.000Z,SYNTHETIC_BENCHMARK,Scenario 2: Perpendicular Blind Corner,AMR-01,Process Operator,23.01,23.81,70.73,22.78,1.8,0.42,0.5,0.8,1,0.5,1,25,0,MATERIAL_TRANSPORT,1,1.2,47.73,3.7,3,SAFE,false
2026-10-01T10:01:05.000Z,SYNTHETIC_BENCHMARK,Scenario 2: Perpendicular Blind Corner,AMR-01,Process Operator,23.15,22.21,71.38,23.27,1.17,1.02,0.5,0.8,1,0.5,1,25,0,MATERIAL_TRANSPORT,1,1.2,48.24,3.38,3,SAFE,false
2026-10-01T10:01:05.000Z,SYNTHETIC_BENCHMARK,Scenario 2: Perpendicular Blind Corner,AMR-01,Process Operator,24.17,23.9,71.11,24.17,2.11,1.47,0.5,0.8,1,0.5,1,25,0,MATERIAL_TRANSPORT,1,1.2,46.94,4.66,3,SAFE,false
2026-10-01T10:01:05.000Z,SYNTHETIC_BENCHMARK,Scenario 2: Perpendicular Blind Corner,AMR-01,Process Operator,24.72,20.55,70.61,22.8,1.98,0.98,0.5,0.8,1,0.5,1,25,0,MATERIAL_TRANSPORT,1,1.2,45.95,4.23,3,SAFE,false
2026-10-01T10:01:05.000Z,SYNTHETIC_BENCHMARK,Scenario 2: Perpendicular Blind Corner,AMR-01,Process Operator,25.47,23.81,68.53,24.51,1.3,1.15,0.5,0.8,1,0.5,1,25,0,MATERIAL_TRANSPORT,1,1.2,43.07,3.59,3,SAFE,false
2026-10-01T10:01:06.000Z,SYNTHETIC_BENCHMARK,Scenario 2: Perpendicular Blind Corner,AMR-01,Process Operator,25.09,20.36,69.54,22.63,2.2,1.17,0.5,0.8,1,0.5,1,25,0,MATERIAL_TRANSPORT,1,1.2,44.51,4.58,3,SAFE,false
2026-10-01T10:01:06.000Z,SYNTHETIC_BENCHMARK,Scenario 2: Perpendicular Blind Corner,AMR-01,Process Operator,26.25,21.87,68.32,22.49,2.03,1.45,0.5,0.8,1,0.5,1,25,0,MATERIAL_TRANSPORT,1,1.2,42.07,4.56,3,SAFE,false
2026-10-01T10:01:06.000Z,SYNTHETIC_BENCHMARK,Scenario 2: Perpendicular Blind Corner,AMR-01,Process Operator,27.62,25,67.51,25.42,1.3,1.18,0.5,0.8,1,0.5,1,25,0,MATERIAL_TRANSPORT,1,1.2,39.89,3.61,3,SAFE,false
2026-10-01T10:01:06.000Z,SYNTHETIC_BENCHMARK,Scenario 2: Perpendicular Blind Corner,AMR-01,Process Operator,27.85,21.41,67.81,24.76,2.16,0.76,0.5,0.8,1,0.5,1,25,0,MATERIAL_TRANSPORT,1,1.2,40.1,4.29,3,SAFE,false
2026-10-01T10:01:06.000Z,SYNTHETIC_BENCHMARK,Scenario 2: Perpendicular Blind Corner,AMR-01,Process Operator,27.63,22.78,67.86,25.84,1.94,0.61,0.5,0.8,1,0.5,1,25,0,MATERIAL_TRANSPORT,1,1.2,40.35,3.96,3,SAFE,false
2026-10-01T10:01:07.000Z,SYNTHETIC_BENCHMARK,Scenario 2: Perpendicular Blind Corner,AMR-01,Process Operator,27.6,20.76,66.33,26,1.17,1.11,0.5,0.8,1,0.5,1,25,0,MATERIAL_TRANSPORT,1,1.2,39.08,3.43,3,SAFE,false
2026-10-01T10:01:07.000Z,SYNTHETIC_BENCHMARK,Scenario 2: Perpendicular Blind Corner,AMR-01,Process Operator,28.45,22.04,65.9,22.56,1.98,1.46,0.5,0.8,1,0.5,1,25,0,MATERIAL_TRANSPORT,1,1.2,37.45,4.51,3,SAFE,false
2026-10-01T10:01:07.000Z,SYNTHETIC_BENCHMARK,Scenario 2: Perpendicular Blind Corner,AMR-01,Process Operator,28.83,23.26,65.23,24.86,1.72,0.87,0.5,0.8,1,0.5,1,25,0,MATERIAL_TRANSPORT,1,1.2,36.44,3.88,3,SAFE,false
2026-10-01T10:01:07.000Z,SYNTHETIC_BENCHMARK,Scenario 2: Perpendicular Blind Corner,AMR-01,Process Operator,29.42,21.11,64.99,22.24,0.9,0.93,0.5,0.8,1,0.5,1,25,0,MATERIAL_TRANSPORT,1,1.2,35.59,3.03,3,SAFE,false
2026-10-01T10:01:07.000Z,SYNTHETIC_BENCHMARK,Scenario 2: Perpendicular Blind Corner,AMR-01,Process Operator,30.87,22.25,65.83,24.03,1.67,0.85,0.5,0.8,1,0.5,1,25,0,MATERIAL_TRANSPORT,1,1.2,35.01,3.81,3,SAFE,false
2026-10-01T10:01:08.000Z,SYNTHETIC_BENCHMARK,Scenario 2: Perpendicular Blind Corner,AMR-01,Process Operator,31.87,23.34,64.44,23.55,1.36,1.03,0.5,0.8,1,0.5,1,25,0,MATERIAL_TRANSPORT,1,1.2,32.57,3.59,3,SAFE,false
2026-10-01T10:01:08.000Z,SYNTHETIC_BENCHMARK,Scenario 2: Perpendicular Blind Corner,AMR-01,Process Operator,31.07,21.05,65.47,22.15,2.1,0.66,0.5,0.8,1,0.5,1,25,0,MATERIAL_TRANSPORT,1,1.2,34.42,4.16,3,SAFE,false
2026-10-01T10:01:08.000Z,SYNTHETIC_BENCHMARK,Scenario 2: Perpendicular Blind Corner,AMR-01,Process Operator,31.14,22.04,63.6,25.16,1.23,1.35,0.5,0.8,1,0.5,1,25,0,MATERIAL_TRANSPORT,1,1.2,32.61,3.64,3,SAFE,false
2026-10-01T10:01:08.000Z,SYNTHETIC_BENCHMARK,Scenario 2: Perpendicular Blind Corner,AMR-01,Process Operator,32.74,22.99,63.48,25.91,0.87,1.09,0.5,0.8,1,0.5,1,25,0,MATERIAL_TRANSPORT,1,1.2,30.88,3.09,3,SAFE,false
2026-10-01T10:01:08.000Z,SYNTHETIC_BENCHMARK,Scenario 2: Perpendicular Blind Corner,AMR-01,Process Operator,32.55,20.56,63.79,25.73,1.57,1.49,0.5,0.8,1,0.5,1,25,0,MATERIAL_TRANSPORT,1,1.2,31.66,4.09,3,SAFE,false
2026-10-01T10:01:09.000Z,SYNTHETIC_BENCHMARK,Scenario 2: Perpendicular Blind Corner,AMR-01,Process Operator,33.23,21.42,63.2,25.96,2.25,0.54,0.5,0.8,1,0.5,1,25,0,MATERIAL_TRANSPORT,1,1.2,30.31,4.25,3,SAFE,false
2026-10-01T10:01:09.000Z,SYNTHETIC_BENCHMARK,Scenario 2: Perpendicular Blind Corner,AMR-01,Process Operator,33.45,22.23,62.36,23.93,1.85,1.05,0.5,0.8,1,0.5,1,25,0,MATERIAL_TRANSPORT,1,1.2,28.96,4.13,3,SAFE,false
2026-10-01T10:01:09.000Z,SYNTHETIC_BENCHMARK,Scenario 2: Perpendicular Blind Corner,AMR-01,Process Operator,33.87,24.66,61.95,24.97,0.9,1.02,0.5,0.8,1,0.5,1,25,0,MATERIAL_TRANSPORT,1,1.2,28.08,3.08,3,SAFE,false
2026-10-01T10:01:09.000Z,SYNTHETIC_BENCHMARK,Scenario 2: Perpendicular Blind Corner,AMR-01,Process Operator,35.16,20.38,62.63,22.42,1.54,0.84,0.5,0.8,1,0.5,1,25,0,MATERIAL_TRANSPORT,1,1.2,27.55,3.67,3,SAFE,false
2026-10-01T10:01:09.000Z,SYNTHETIC_BENCHMARK,Scenario 2: Perpendicular Blind Corner,AMR-01,Process Operator,35.98,21.05,61.07,25.61,1.1,0.92,0.5,0.8,1,0.5,1,25,0,MATERIAL_TRANSPORT,1,1.2,25.5,3.24,3,SAFE,false
2026-10-01T10:01:10.000Z,SYNTHETIC_BENCHMARK,Scenario 2: Perpendicular Blind Corner,AMR-01,Process Operator,35.01,23.35,61.93,23.88,1.71,0.45,0.5,0.8,1,0.5,1,25,0,MATERIAL_TRANSPORT,1,1.2,26.93,3.62,3,SAFE,false
2026-10-01T10:01:10.000Z,SYNTHETIC_BENCHMARK,Scenario 2: Perpendicular Blind Corner,AMR-01,Process Operator,36.92,23.92,59.89,22.55,2.3,1.04,0.5,0.8,1,0.5,1,25,0,MATERIAL_TRANSPORT,1,1.2,23.01,4.61,3,SAFE,false
2026-10-01T10:01:10.000Z,SYNTHETIC_BENCHMARK,Scenario 2: Perpendicular Blind Corner,AMR-01,Process Operator,36.35,24.46,59.61,22.97,1.81,0.68,0.5,0.8,1,0.5,1,25,0,MATERIAL_TRANSPORT,1,1.2,23.31,3.86,3,SAFE,false
2026-10-01T10:01:10.000Z,SYNTHETIC_BENCHMARK,Scenario 2: Perpendicular Blind Corner,AMR-01,Process Operator,38,21.61,59.75,22.46,2.37,0.98,0.5,0.8,1,0.5,1,25,0,MATERIAL_TRANSPORT,1,1.2,21.77,4.65,3,SAFE,false
2026-10-01T10:01:10.000Z,SYNTHETIC_BENCHMARK,Scenario 2: Perpendicular Blind Corner,AMR-01,Process Operator,38.51,22.05,58.99,22.35,1.32,1.13,0.5,0.8,1,0.5,1,25,0,MATERIAL_TRANSPORT,1,1.2,20.48,3.6,3,SAFE,false
2026-10-01T10:01:11.000Z,SYNTHETIC_BENCHMARK,Scenario 2: Perpendicular Blind Corner,AMR-01,Process Operator,38.56,22.45,59.98,23.99,2.39,1.54,0.5,0.8,1,0.5,1,25,0,MATERIAL_TRANSPORT,1,1.2,21.48,5.01,3,SAFE,false
2026-10-01T10:01:11.000Z,SYNTHETIC_BENCHMARK,Scenario 2: Perpendicular Blind Corner,AMR-01,Process Operator,38.81,24.46,59.41,24.7,1.31,1.4,0.5,0.8,1,0.5,1,25,0,MATERIAL_TRANSPORT,1,1.2,20.6,3.75,3,SAFE,false
2026-10-01T10:01:11.000Z,SYNTHETIC_BENCHMARK,Scenario 2: Perpendicular Blind Corner,AMR-01,Process Operator,39.94,24.76,57.92,25.82,1.81,1.13,0.5,0.8,1,0.5,1,25,0,MATERIAL_TRANSPORT,1,1.2,18.01,4.13,3,SAFE,false
2026-10-01T10:01:11.000Z,SYNTHETIC_BENCHMARK,Scenario 2: Perpendicular Blind Corner,AMR-01,Process Operator,40.6,20.02,58.19,24.68,1.23,1.1,0.5,0.8,1,0.5,1,25,0,MATERIAL_TRANSPORT,1,1.2,18.2,3.49,3,SAFE,false
2026-10-01T10:01:11.000Z,SYNTHETIC_BENCHMARK,Scenario 2: Perpendicular Blind Corner,AMR-01,Process Operator,41.46,21.89,56.89,22.61,1.71,0.53,0.5,0.8,1,0.5,1,25,0,MATERIAL_TRANSPORT,1,1.2,15.45,3.66,3,SAFE,false
2026-10-01T10:01:12.000Z,SYNTHETIC_BENCHMARK,Scenario 2: Perpendicular Blind Corner,AMR-01,Process Operator,41.2,22.06,56.68,24.95,2.17,1.02,0.5,0.8,1,0.5,1,25,0,MATERIAL_TRANSPORT,1,1.2,15.75,4.46,3,SAFE,false
2026-10-01T10:01:12.000Z,SYNTHETIC_BENCHMARK,Scenario 2: Perpendicular Blind Corner,AMR-01,Process Operator,42.47,22.17,56.23,25.03,1.55,0.56,0.5,0.8,1,0.5,1,25,0,MATERIAL_TRANSPORT,1,1.2,14.05,3.51,3,SAFE,false
2026-10-01T10:01:12.000Z,SYNTHETIC_BENCHMARK,Scenario 2: Perpendicular Blind Corner,AMR-01,Process Operator,41.94,23.91,56.21,24.19,1.98,0.76,0.5,0.8,1,0.5,1,25,0,MATERIAL_TRANSPORT,1,1.2,14.27,4.09,3,SAFE,false
2026-10-01T10:01:12.000Z,SYNTHETIC_BENCHMARK,Scenario 2: Perpendicular Blind Corner,AMR-01,Process Operator,42.29,23.94,55.28,23.75,2.39,0.82,0.5,0.8,1,0.5,1,25,0,MATERIAL_TRANSPORT,1,1.2,12.99,4.57,3,SAFE,false
2026-10-01T10:01:12.000Z,SYNTHETIC_BENCHMARK,Scenario 2: Perpendicular Blind Corner,AMR-01,Process Operator,42.17,23.91,56.11,25.05,1.72,1.12,0.5,0.8,1,0.5,1,25,0,MATERIAL_TRANSPORT,1,1.2,13.99,4.03,3,SAFE,false
2026-10-01T10:01:13.000Z,SYNTHETIC_BENCHMARK,Scenario 2: Perpendicular Blind Corner,AMR-01,Process Operator,44.26,20.51,55.36,25.43,2.11,0.89,0.5,0.8,1,0.5,1,25,0,MATERIAL_TRANSPORT,1,1.2,12.14,4.31,3,SAFE,false
2026-10-01T10:01:13.000Z,SYNTHETIC_BENCHMARK,Scenario 2: Perpendicular Blind Corner,AMR-01,Process Operator,43.22,20.4,53.71,22.21,0.88,0.51,0.5,0.8,1,0.5,1,25,0,MATERIAL_TRANSPORT,1,1.2,10.65,2.76,3,SAFE,false
2026-10-01T10:01:13.000Z,SYNTHETIC_BENCHMARK,Scenario 2: Perpendicular Blind Corner,AMR-01,Process Operator,43.71,20.24,53.82,24.74,1.77,1.59,0.5,0.8,1,0.5,1,25,0,MATERIAL_TRANSPORT,1,1.2,11.07,4.37,3,SAFE,false
2026-10-01T10:01:13.000Z,SYNTHETIC_BENCHMARK,Scenario 2: Perpendicular Blind Corner,AMR-01,Process Operator,44.41,21.69,54.35,22.34,2.11,0.92,0.5,0.8,1,0.5,1,25,0,MATERIAL_TRANSPORT,1,1.2,9.96,4.33,3,SAFE,false
2026-10-01T10:01:13.000Z,SYNTHETIC_BENCHMARK,Scenario 2: Perpendicular Blind Corner,AMR-01,Process Operator,45.98,21.44,53.98,24.34,0.84,1.31,0.5,0.8,1,0.5,1,25,0,MATERIAL_TRANSPORT,1,1.2,8.51,3.19,3,SAFE,false
2026-10-01T10:01:14.000Z,SYNTHETIC_BENCHMARK,Scenario 2: Perpendicular Blind Corner,AMR-01,Process Operator,45.08,21.14,53.36,24.09,1.68,0.75,0.5,0.8,1,0.5,1,25,0,MATERIAL_TRANSPORT,1,1.2,8.79,3.76,3,SAFE,false
2026-10-01T10:01:14.000Z,SYNTHETIC_BENCHMARK,Scenario 2: Perpendicular Blind Corner,AMR-01,Process Operator,46.39,22.46,53.17,22.91,1.98,0.85,0.5,0.8,1,0.5,1,25,0,MATERIAL_TRANSPORT,1,1.2,6.79,4.15,3,SAFE,false
2026-10-01T10:01:14.000Z,SYNTHETIC_BENCHMARK,Scenario 2: Perpendicular Blind Corner,AMR-01,Process Operator,46.57,22.07,52.07,22.14,2.26,0.8,0.5,0.8,1,0.5,1,25,0,MATERIAL_TRANSPORT,1,1.2,5.5,4.42,3,SAFE,false
2026-10-01T10:01:14.000Z,SYNTHETIC_BENCHMARK,Scenario 2: Perpendicular Blind Corner,AMR-01,Process Operator,48.29,21.63,52.73,23.11,1.46,1.01,0.5,0.8,1,0.5,1,25,0,MATERIAL_TRANSPORT,1,1.2,4.68,3.68,3,SAFE,false
2026-10-01T10:01:14.000Z,SYNTHETIC_BENCHMARK,Scenario 2: Perpendicular Blind Corner,AMR-01,Process Operator,48.21,22.81,51.82,23.16,1.71,0.68,0.5,0.8,1,0.5,1,25,0,MATERIAL_TRANSPORT,1,1.2,3.63,3.75,3,WARNING,false
2026-10-01T10:01:15.000Z,SYNTHETIC_BENCHMARK,Scenario 2: Perpendicular Blind Corner,AMR-01,Process Operator,49,22.28,50,23.61,1.95,1.4,0.5,0.8,1,0.5,1,25,0,MATERIAL_TRANSPORT,1,1.2,1.66,4.45,3,UNSAFE,false
2026-10-01T10:01:15.000Z,SYNTHETIC_BENCHMARK,Scenario 2: Perpendicular Blind Corner,AMR-01,Process Operator,49.33,21.7,49.94,25.8,1.11,1.17,0.5,0.8,1,0.5,1,25,0,MATERIAL_TRANSPORT,1,1.2,4.15,3.4,3,SAFE,false
2026-10-01T10:01:15.000Z,SYNTHETIC_BENCHMARK,Scenario 2: Perpendicular Blind Corner,AMR-01,Process Operator,49.86,22.74,50.31,23.07,1.31,0.4,0.5,0.8,1,0.5,1,25,0,MATERIAL_TRANSPORT,1,1.2,0.56,3.15,3,EMERGENCY,false
2026-10-01T10:01:15.000Z,SYNTHETIC_BENCHMARK,Scenario 2: Perpendicular Blind Corner,AMR-01,Process Operator,49.26,22.07,49.77,24.74,1.51,0.69,0.5,0.8,1,0.5,1,25,0,MATERIAL_TRANSPORT,1,1.2,2.72,3.54,3,WARNING,false
2026-10-01T10:01:15.000Z,SYNTHETIC_BENCHMARK,Scenario 2: Perpendicular Blind Corner,AMR-01,Process Operator,50.2,21.36,48.98,24.15,2.22,1.23,0.5,0.8,1,0.5,1,25,0,MATERIAL_TRANSPORT,1,1.2,3.05,4.64,3,WARNING,false
2026-10-01T10:01:16.000Z,SYNTHETIC_BENCHMARK,Scenario 2: Perpendicular Blind Corner,AMR-01,Process Operator,51.34,22.26,48.63,22.64,2.38,1.23,0.5,0.8,1,0.5,1,25,0,MATERIAL_TRANSPORT,1,1.2,2.74,4.81,3,UNSAFE,false
2026-10-01T10:01:16.000Z,SYNTHETIC_BENCHMARK,Scenario 2: Perpendicular Blind Corner,AMR-01,Process Operator,51.35,21.45,49.36,25.54,0.93,1.09,0.5,0.8,1,0.5,1,25,0,MATERIAL_TRANSPORT,1,1.2,4.55,3.16,3,SAFE,false
2026-10-01T10:01:16.000Z,SYNTHETIC_BENCHMARK,Scenario 2: Perpendicular Blind Corner,AMR-01,Process Operator,52.9,20.6,47.86,22.17,1.6,1.2,0.5,0.8,1,0.5,1,25,0,MATERIAL_TRANSPORT,1,1.2,5.28,3.95,3,SAFE,false
2026-10-01T10:01:16.000Z,SYNTHETIC_BENCHMARK,Scenario 2: Perpendicular Blind Corner,AMR-01,Process Operator,52.66,21.36,48.78,25.89,1.72,0.76,0.5,0.8,1,0.5,1,25,0,MATERIAL_TRANSPORT,1,1.2,5.96,3.81,3,SAFE,false
2026-10-01T10:01:16.000Z,SYNTHETIC_BENCHMARK,Scenario 2: Perpendicular Blind Corner,AMR-01,Process Operator,53.28,20.41,46.8,22,1.82,1.38,0.5,0.8,1,0.5,1,25,0,MATERIAL_TRANSPORT,1,1.2,6.67,4.29,3,SAFE,false
2026-10-01T10:01:17.000Z,SYNTHETIC_BENCHMARK,Scenario 2: Perpendicular Blind Corner,AMR-01,Process Operator,53.44,24.42,46.57,23.86,0.84,1.06,0.5,0.8,1,0.5,1,25,0,MATERIAL_TRANSPORT,1,1.2,6.89,3.04,3,SAFE,false
2026-10-01T10:01:17.000Z,SYNTHETIC_BENCHMARK,Scenario 2: Perpendicular Blind Corner,AMR-01,Process Operator,53.81,20.04,46.77,24.79,0.92,1.39,0.5,0.8,1,0.5,1,25,0,MATERIAL_TRANSPORT,1,1.2,8.49,3.33,3,SAFE,false
2026-10-01T10:01:17.000Z,SYNTHETIC_BENCHMARK,Scenario 2: Perpendicular Blind Corner,AMR-01,Process Operator,55.04,23.96,46.06,22.14,0.98,1.58,0.5,0.8,1,0.5,1,25,0,MATERIAL_TRANSPORT,1,1.2,9.16,3.51,3,SAFE,false
2026-10-01T10:01:17.000Z,SYNTHETIC_BENCHMARK,Scenario 2: Perpendicular Blind Corner,AMR-01,Process Operator,55.81,22.82,45.11,25.22,1.55,0.82,0.5,0.8,1,0.5,1,25,0,MATERIAL_TRANSPORT,1,1.2,10.97,3.67,3,SAFE,false
2026-10-01T10:01:17.000Z,SYNTHETIC_BENCHMARK,Scenario 2: Perpendicular Blind Corner,AMR-01,Process Operator,54.79,23.31,44.59,23.37,1.58,0.72,0.5,0.8,1,0.5,1,25,0,MATERIAL_TRANSPORT,1,1.2,10.2,3.64,3,SAFE,false
2026-10-01T10:01:18.000Z,SYNTHETIC_BENCHMARK,Scenario 2: Perpendicular Blind Corner,AMR-01,Process Operator,56.63,22.08,45.16,25.93,1.6,0.47,0.5,0.8,1,0.5,1,25,0,MATERIAL_TRANSPORT,1,1.2,12.1,3.51,3,SAFE,false
2026-10-01T10:01:18.000Z,SYNTHETIC_BENCHMARK,Scenario 2: Perpendicular Blind Corner,AMR-01,Process Operator,56.02,20.81,45.49,22.24,2.13,0.48,0.5,0.8,1,0.5,1,25,0,MATERIAL_TRANSPORT,1,1.2,10.63,4.09,3,SAFE,false
2026-10-01T10:01:18.000Z,SYNTHETIC_BENCHMARK,Scenario 2: Perpendicular Blind Corner,AMR-01,Process Operator,57.6,21.16,44.24,25.61,2.12,1.15,0.5,0.8,1,0.5,1,25,0,MATERIAL_TRANSPORT,1,1.2,14.08,4.48,3,SAFE,false
2026-10-01T10:01:18.000Z,SYNTHETIC_BENCHMARK,Scenario 2: Perpendicular Blind Corner,AMR-01,Process Operator,58.06,24.8,44.09,25.4,2.09,0.47,0.5,0.8,1,0.5,1,25,0,MATERIAL_TRANSPORT,1,1.2,13.98,4.04,3,SAFE,false
2026-10-01T10:01:18.000Z,SYNTHETIC_BENCHMARK,Scenario 2: Perpendicular Blind Corner,AMR-01,Process Operator,58.06,23.38,43.69,22.92,0.98,1.24,0.5,0.8,1,0.5,1,25,0,MATERIAL_TRANSPORT,1,1.2,14.38,3.3,3,SAFE,false
2026-10-01T10:01:19.000Z,SYNTHETIC_BENCHMARK,Scenario 2: Perpendicular Blind Corner,AMR-01,Process Operator,58.25,23.59,43.73,23.52,0.92,1.47,0.5,0.8,1,0.5,1,25,0,MATERIAL_TRANSPORT,1,1.2,14.52,3.38,3,SAFE,false
2026-10-01T10:01:19.000Z,SYNTHETIC_BENCHMARK,Scenario 2: Perpendicular Blind Corner,AMR-01,Process Operator,59.32,22.09,42.85,24.53,0.84,1.56,0.5,0.8,1,0.5,1,25,0,MATERIAL_TRANSPORT,1,1.2,16.65,3.34,3,SAFE,false
2026-10-01T10:01:19.000Z,SYNTHETIC_BENCHMARK,Scenario 2: Perpendicular Blind Corner,AMR-01,Process Operator,59.93,20.54,41.74,23.28,1.29,0.7,0.5,0.8,1,0.5,1,25,0,MATERIAL_TRANSPORT,1,1.2,18.4,3.31,3,SAFE,false
2026-10-01T10:01:19.000Z,SYNTHETIC_BENCHMARK,Scenario 2: Perpendicular Blind Corner,AMR-01,Process Operator,60.74,20.61,41.05,25.1,1.19,0.5,0.5,0.8,1,0.5,1,25,0,MATERIAL_TRANSPORT,1,1.2,20.2,3.09,3,SAFE,false
2026-10-01T10:01:19.000Z,SYNTHETIC_BENCHMARK,Scenario 2: Perpendicular Blind Corner,AMR-01,Process Operator,60.42,23.97,41.45,23.33,1.07,1.36,0.5,0.8,1,0.5,1,25,0,MATERIAL_TRANSPORT,1,1.2,18.98,3.47,3,SAFE,false
2026-10-01T10:01:20.000Z,SYNTHETIC_BENCHMARK,Scenario 2: Perpendicular Blind Corner,AMR-01,Process Operator,61.63,22.28,41.61,23.3,1.47,1.27,0.5,0.8,1,0.5,1,25,0,MATERIAL_TRANSPORT,1,1.2,20.05,3.85,3,SAFE,false
2026-10-01T10:01:20.000Z,SYNTHETIC_BENCHMARK,Scenario 2: Perpendicular Blind Corner,AMR-01,Process Operator,61.05,22.21,40.2,22.34,1.32,0.63,0.5,0.8,1,0.5,1,25,0,MATERIAL_TRANSPORT,1,1.2,20.85,3.3,3,SAFE,false
2026-10-01T10:01:20.000Z,SYNTHETIC_BENCHMARK,Scenario 2: Perpendicular Blind Corner,AMR-01,Process Operator,61.34,20.43,39.88,25.79,1.16,1.05,0.5,0.8,1,0.5,1,25,0,MATERIAL_TRANSPORT,1,1.2,22.12,3.38,3,SAFE,false
2026-10-01T10:01:20.000Z,SYNTHETIC_BENCHMARK,Scenario 2: Perpendicular Blind Corner,AMR-01,Process Operator,63.17,23.6,39.32,22.99,1.51,0.53,0.5,0.8,1,0.5,1,25,0,MATERIAL_TRANSPORT,1,1.2,23.86,3.45,3,SAFE,false
2026-10-01T10:01:20.000Z,SYNTHETIC_BENCHMARK,Scenario 2: Perpendicular Blind Corner,AMR-01,Process Operator,63.2,23.39,39.19,23.25,1.32,0.66,0.5,0.8,1,0.5,1,25,0,MATERIAL_TRANSPORT,1,1.2,24.01,3.32,3,SAFE,false
2026-10-01T10:01:21.000Z,SYNTHETIC_BENCHMARK,Scenario 2: Perpendicular Blind Corner,AMR-01,Process Operator,64.1,21.47,38.14,23.93,1.11,0.65,0.5,0.8,1,0.5,1,25,0,MATERIAL_TRANSPORT,1,1.2,26.08,3.09,3,SAFE,false
2026-10-01T10:01:21.000Z,SYNTHETIC_BENCHMARK,Scenario 2: Perpendicular Blind Corner,AMR-01,Process Operator,64.54,24.51,38.86,22.34,1.43,0.89,0.5,0.8,1,0.5,1,25,0,MATERIAL_TRANSPORT,1,1.2,25.77,3.58,3,SAFE,false
2026-10-01T10:01:21.000Z,SYNTHETIC_BENCHMARK,Scenario 2: Perpendicular Blind Corner,AMR-01,Process Operator,65.18,24.16,38,23.83,1.19,0.59,0.5,0.8,1,0.5,1,25,0,MATERIAL_TRANSPORT,1,1.2,27.18,3.14,3,SAFE,false
2026-10-01T10:01:21.000Z,SYNTHETIC_BENCHMARK,Scenario 2: Perpendicular Blind Corner,AMR-01,Process Operator,64.7,22.1,38.24,25.72,0.94,1.34,0.5,0.8,1,0.5,1,25,0,MATERIAL_TRANSPORT,1,1.2,26.71,3.32,3,SAFE,false
2026-10-01T10:01:21.000Z,SYNTHETIC_BENCHMARK,Scenario 2: Perpendicular Blind Corner,AMR-01,Process Operator,65.75,25,38.24,25.36,1.2,1.15,0.5,0.8,1,0.5,1,25,0,MATERIAL_TRANSPORT,1,1.2,27.51,3.49,3,SAFE,false
2026-10-01T10:01:22.000Z,SYNTHETIC_BENCHMARK,Scenario 2: Perpendicular Blind Corner,AMR-01,Process Operator,67,24.51,36.66,24.07,0.92,0.42,0.5,0.8,1,0.5,1,25,0,MATERIAL_TRANSPORT,1,1.2,30.34,2.75,3,SAFE,false
2026-10-01T10:01:22.000Z,SYNTHETIC_BENCHMARK,Scenario 2: Perpendicular Blind Corner,AMR-01,Process Operator,67.12,22.31,36.17,23.19,2.23,0.74,0.5,0.8,1,0.5,1,25,0,MATERIAL_TRANSPORT,1,1.2,30.96,4.35,3,SAFE,false
2026-10-01T10:01:22.000Z,SYNTHETIC_BENCHMARK,Scenario 2: Perpendicular Blind Corner,AMR-01,Process Operator,66.78,20.07,35.44,24.05,0.85,1.31,0.5,0.8,1,0.5,1,25,0,MATERIAL_TRANSPORT,1,1.2,31.59,3.2,3,SAFE,false
2026-10-01T10:01:22.000Z,SYNTHETIC_BENCHMARK,Scenario 2: Perpendicular Blind Corner,AMR-01,Process Operator,66.65,24.44,35.14,23.98,2.12,1.34,0.5,0.8,1,0.5,1,25,0,MATERIAL_TRANSPORT,1,1.2,31.51,4.59,3,SAFE,false
2026-10-01T10:01:22.000Z,SYNTHETIC_BENCHMARK,Scenario 2: Perpendicular Blind Corner,AMR-01,Process Operator,67.38,22.11,35.94,24.32,1.78,1.23,0.5,0.8,1,0.5,1,25,0,MATERIAL_TRANSPORT,1,1.2,31.52,4.16,3,SAFE,false
2026-10-01T10:01:23.000Z,SYNTHETIC_BENCHMARK,Scenario 2: Perpendicular Blind Corner,AMR-01,Process Operator,67.66,24.72,34.49,22.4,1.96,1.37,0.5,0.8,1,0.5,1,25,0,MATERIAL_TRANSPORT,1,1.2,33.25,4.44,3,SAFE,false
2026-10-01T10:01:23.000Z,SYNTHETIC_BENCHMARK,Scenario 2: Perpendicular Blind Corner,AMR-01,Process Operator,68.13,23.96,35.46,23.56,1.59,0.97,0.5,0.8,1,0.5,1,25,0,MATERIAL_TRANSPORT,1,1.2,32.67,3.8,3,SAFE,false
2026-10-01T10:01:23.000Z,SYNTHETIC_BENCHMARK,Scenario 2: Perpendicular Blind Corner,AMR-01,Process Operator,69.48,21.48,33.53,25.12,1.21,0.43,0.5,0.8,1,0.5,1,25,0,MATERIAL_TRANSPORT,1,1.2,36.13,3.06,3,SAFE,false
2026-10-01T10:01:23.000Z,SYNTHETIC_BENCHMARK,Scenario 2: Perpendicular Blind Corner,AMR-01,Process Operator,70.36,23.96,33.36,24.42,1.34,1.34,0.5,0.8,1,0.5,1,25,0,MATERIAL_TRANSPORT,1,1.2,37,3.75,3,SAFE,false
2026-10-01T10:01:23.000Z,SYNTHETIC_BENCHMARK,Scenario 2: Perpendicular Blind Corner,AMR-01,Process Operator,71.45,23.06,33.62,22.8,0.93,0.5,0.5,0.8,1,0.5,1,25,0,MATERIAL_TRANSPORT,1,1.2,37.83,2.8,3,SAFE,false
2026-10-01T10:02:00.000Z,SYNTHETIC_BENCHMARK,Scenario 3: High-Speed Overtaking Corridor,AMR-01,Process Operator,11.4,20.45,80.96,25.58,2.1,0.72,0.5,0.8,1,0.5,1,25,0,MATERIAL_TRANSPORT,1,0.8,69.75,3.3,3,SAFE,false
2026-10-01T10:02:00.000Z,SYNTHETIC_BENCHMARK,Scenario 3: High-Speed Overtaking Corridor,AMR-01,Process Operator,10.9,22.78,80.07,22.11,2.19,1.2,0.5,0.8,1,0.5,1,25,0,MATERIAL_TRANSPORT,1,0.8,69.17,3.56,3,SAFE,false
2026-10-01T10:02:00.000Z,SYNTHETIC_BENCHMARK,Scenario 3: High-Speed Overtaking Corridor,AMR-01,Process Operator,12.6,21.74,79.6,25.71,1.73,1.13,0.5,0.8,1,0.5,1,25,0,MATERIAL_TRANSPORT,1,0.8,67.12,3.2,3,SAFE,false
2026-10-01T10:02:00.000Z,SYNTHETIC_BENCHMARK,Scenario 3: High-Speed Overtaking Corridor,AMR-01,Process Operator,13.16,23.99,80.23,25.72,1.25,0.92,0.5,0.8,1,0.5,1,25,0,MATERIAL_TRANSPORT,1,0.8,67.09,2.77,3,SAFE,false
2026-10-01T10:02:00.000Z,SYNTHETIC_BENCHMARK,Scenario 3: High-Speed Overtaking Corridor,AMR-01,Process Operator,13.27,21.19,78.61,23.46,1.3,0.96,0.5,0.8,1,0.5,1,25,0,MATERIAL_TRANSPORT,1,0.8,65.38,2.82,3,SAFE,false
2026-10-01T10:02:01.000Z,SYNTHETIC_BENCHMARK,Scenario 3: High-Speed Overtaking Corridor,AMR-01,Process Operator,13.58,20.01,79.42,24.29,2.39,0.46,0.5,0.8,1,0.5,1,25,0,MATERIAL_TRANSPORT,1,0.8,65.98,3.4,3,SAFE,false
2026-10-01T10:02:01.000Z,SYNTHETIC_BENCHMARK,Scenario 3: High-Speed Overtaking Corridor,AMR-01,Process Operator,14.76,22.12,79.33,25.52,1.88,1.01,0.5,0.8,1,0.5,1,25,0,MATERIAL_TRANSPORT,1,0.8,64.66,3.26,3,SAFE,false
2026-10-01T10:02:01.000Z,SYNTHETIC_BENCHMARK,Scenario 3: High-Speed Overtaking Corridor,AMR-01,Process Operator,15.47,24.18,78.99,24.48,1.88,0.62,0.5,0.8,1,0.5,1,25,0,MATERIAL_TRANSPORT,1,0.8,63.52,3.1,3,SAFE,false
2026-10-01T10:02:01.000Z,SYNTHETIC_BENCHMARK,Scenario 3: High-Speed Overtaking Corridor,AMR-01,Process Operator,14.39,22.86,77.08,22.53,1.33,0.89,0.5,0.8,1,0.5,1,25,0,MATERIAL_TRANSPORT,1,0.8,62.69,2.81,3,SAFE,false
2026-10-01T10:02:01.000Z,SYNTHETIC_BENCHMARK,Scenario 3: High-Speed Overtaking Corridor,AMR-01,Process Operator,16.19,24.83,78.26,24.98,2.37,1.01,0.5,0.8,1,0.5,1,25,0,MATERIAL_TRANSPORT,1,0.8,62.07,3.61,3,SAFE,false
2026-10-01T10:02:02.000Z,SYNTHETIC_BENCHMARK,Scenario 3: High-Speed Overtaking Corridor,AMR-01,Process Operator,15.51,21.75,77.2,25.17,2.32,1.38,0.5,0.8,1,0.5,1,25,0,MATERIAL_TRANSPORT,1,0.8,61.78,3.72,3,SAFE,false
2026-10-01T10:02:02.000Z,SYNTHETIC_BENCHMARK,Scenario 3: High-Speed Overtaking Corridor,AMR-01,Process Operator,17.04,20.29,76.56,24.44,1.73,1.22,0.5,0.8,1,0.5,1,25,0,MATERIAL_TRANSPORT,1,0.8,59.66,3.23,3,SAFE,false
2026-10-01T10:02:02.000Z,SYNTHETIC_BENCHMARK,Scenario 3: High-Speed Overtaking Corridor,AMR-01,Process Operator,17.45,22.12,77.02,24.11,1.12,0.9,0.5,0.8,1,0.5,1,25,0,MATERIAL_TRANSPORT,1,0.8,59.6,2.67,3,SAFE,false
2026-10-01T10:02:02.000Z,SYNTHETIC_BENCHMARK,Scenario 3: High-Speed Overtaking Corridor,AMR-01,Process Operator,17.38,23.91,75.24,25.53,1.03,0.85,0.5,0.8,1,0.5,1,25,0,MATERIAL_TRANSPORT,1,0.8,57.88,2.58,3,SAFE,false
2026-10-01T10:02:02.000Z,SYNTHETIC_BENCHMARK,Scenario 3: High-Speed Overtaking Corridor,AMR-01,Process Operator,17.53,22.31,75.88,22.01,2,1.44,0.5,0.8,1,0.5,1,25,0,MATERIAL_TRANSPORT,1,0.8,58.35,3.52,3,SAFE,false
2026-10-01T10:02:03.000Z,SYNTHETIC_BENCHMARK,Scenario 3: High-Speed Overtaking Corridor,AMR-01,Process Operator,18.54,24,75.62,22.91,1.34,0.7,0.5,0.8,1,0.5,1,25,0,MATERIAL_TRANSPORT,1,0.8,57.09,2.74,3,SAFE,false
2026-10-01T10:02:03.000Z,SYNTHETIC_BENCHMARK,Scenario 3: High-Speed Overtaking Corridor,AMR-01,Process Operator,19.09,20.64,75.11,25.55,1.21,1.41,0.5,0.8,1,0.5,1,25,0,MATERIAL_TRANSPORT,1,0.8,56.23,2.94,3,SAFE,false
2026-10-01T10:02:03.000Z,SYNTHETIC_BENCHMARK,Scenario 3: High-Speed Overtaking Corridor,AMR-01,Process Operator,19.84,23.91,75.03,23.26,2.13,1.57,0.5,0.8,1,0.5,1,25,0,MATERIAL_TRANSPORT,1,0.8,55.19,3.66,3,SAFE,false
2026-10-01T10:02:03.000Z,SYNTHETIC_BENCHMARK,Scenario 3: High-Speed Overtaking Corridor,AMR-01,Process Operator,19.47,20.46,74.05,25.38,1.43,1.59,0.5,0.8,1,0.5,1,25,0,MATERIAL_TRANSPORT,1,0.8,54.8,3.17,3,SAFE,false
2026-10-01T10:02:03.000Z,SYNTHETIC_BENCHMARK,Scenario 3: High-Speed Overtaking Corridor,AMR-01,Process Operator,20.63,21.97,72.82,25.23,1.26,0.67,0.5,0.8,1,0.5,1,25,0,MATERIAL_TRANSPORT,1,0.8,52.29,2.68,3,SAFE,false
2026-10-01T10:02:04.000Z,SYNTHETIC_BENCHMARK,Scenario 3: High-Speed Overtaking Corridor,AMR-01,Process Operator,21.99,20.09,72.02,24.17,2.13,0.4,0.5,0.8,1,0.5,1,25,0,MATERIAL_TRANSPORT,1,0.8,50.2,3.19,3,SAFE,false
2026-10-01T10:02:04.000Z,SYNTHETIC_BENCHMARK,Scenario 3: High-Speed Overtaking Corridor,AMR-01,Process Operator,22.23,21.51,72.31,23.51,1.39,1.19,0.5,0.8,1,0.5,1,25,0,MATERIAL_TRANSPORT,1,0.8,50.12,2.98,3,SAFE,false
2026-10-01T10:02:04.000Z,SYNTHETIC_BENCHMARK,Scenario 3: High-Speed Overtaking Corridor,AMR-01,Process Operator,22,22.87,72.36,24.59,1.17,1.03,0.5,0.8,1,0.5,1,25,0,MATERIAL_TRANSPORT,1,0.8,50.39,2.75,3,SAFE,false
2026-10-01T10:02:04.000Z,SYNTHETIC_BENCHMARK,Scenario 3: High-Speed Overtaking Corridor,AMR-01,Process Operator,21.97,20.86,70.84,24.74,2,1.53,0.5,0.8,1,0.5,1,25,0,MATERIAL_TRANSPORT,1,0.8,49.02,3.55,3,SAFE,false
2026-10-01T10:02:04.000Z,SYNTHETIC_BENCHMARK,Scenario 3: High-Speed Overtaking Corridor,AMR-01,Process Operator,22.82,22.13,70.41,25.31,1.21,0.68,0.5,0.8,1,0.5,1,25,0,MATERIAL_TRANSPORT,1,0.8,47.7,2.64,3,SAFE,false
2026-10-01T10:02:05.000Z,SYNTHETIC_BENCHMARK,Scenario 3: High-Speed Overtaking Corridor,AMR-01,Process Operator,23.2,23.36,71.74,23.61,0.95,1.29,0.5,0.8,1,0.5,1,25,0,MATERIAL_TRANSPORT,1,0.8,48.54,2.7,3,SAFE,false
2026-10-01T10:02:05.000Z,SYNTHETIC_BENCHMARK,Scenario 3: High-Speed Overtaking Corridor,AMR-01,Process Operator,23.79,21.21,71.49,24.99,1.73,1.36,0.5,0.8,1,0.5,1,25,0,MATERIAL_TRANSPORT,1,0.8,47.85,3.29,3,SAFE,false
2026-10-01T10:02:05.000Z,SYNTHETIC_BENCHMARK,Scenario 3: High-Speed Overtaking Corridor,AMR-01,Process Operator,25.25,22.34,70.34,22.77,0.9,1.28,0.5,0.8,1,0.5,1,25,0,MATERIAL_TRANSPORT,1,0.8,45.09,2.66,3,SAFE,false
2026-10-01T10:02:05.000Z,SYNTHETIC_BENCHMARK,Scenario 3: High-Speed Overtaking Corridor,AMR-01,Process Operator,24.24,23.43,68.95,22.3,2.19,1.45,0.5,0.8,1,0.5,1,25,0,MATERIAL_TRANSPORT,1,0.8,44.72,3.66,3,SAFE,false
2026-10-01T10:02:05.000Z,SYNTHETIC_BENCHMARK,Scenario 3: High-Speed Overtaking Corridor,AMR-01,Process Operator,25.44,21.14,69.98,24.9,1.33,1.09,0.5,0.8,1,0.5,1,25,0,MATERIAL_TRANSPORT,1,0.8,44.7,2.89,3,SAFE,false
2026-10-01T10:02:06.000Z,SYNTHETIC_BENCHMARK,Scenario 3: High-Speed Overtaking Corridor,AMR-01,Process Operator,25.51,22.14,68.1,23.9,2.06,0.57,0.5,0.8,1,0.5,1,25,0,MATERIAL_TRANSPORT,1,0.8,42.63,3.21,3,SAFE,false
2026-10-01T10:02:06.000Z,SYNTHETIC_BENCHMARK,Scenario 3: High-Speed Overtaking Corridor,AMR-01,Process Operator,27.11,23.09,67.99,24.65,1.7,1.52,0.5,0.8,1,0.5,1,25,0,MATERIAL_TRANSPORT,1,0.8,40.91,3.33,3,SAFE,false
2026-10-01T10:02:06.000Z,SYNTHETIC_BENCHMARK,Scenario 3: High-Speed Overtaking Corridor,AMR-01,Process Operator,26.92,20.66,68.3,24.47,0.8,0.71,0.5,0.8,1,0.5,1,25,0,MATERIAL_TRANSPORT,1,0.8,41.56,2.36,3,SAFE,false
2026-10-01T10:02:06.000Z,SYNTHETIC_BENCHMARK,Scenario 3: High-Speed Overtaking Corridor,AMR-01,Process Operator,27.6,21.52,67.7,24.7,1.48,0.97,0.5,0.8,1,0.5,1,25,0,MATERIAL_TRANSPORT,1,0.8,40.23,2.95,3,SAFE,false
2026-10-01T10:02:06.000Z,SYNTHETIC_BENCHMARK,Scenario 3: High-Speed Overtaking Corridor,AMR-01,Process Operator,27.82,22.33,66.86,22.67,1.08,1.48,0.5,0.8,1,0.5,1,25,0,MATERIAL_TRANSPORT,1,0.8,39.04,2.87,3,SAFE,false
2026-10-01T10:02:07.000Z,SYNTHETIC_BENCHMARK,Scenario 3: High-Speed Overtaking Corridor,AMR-01,Process Operator,28.24,24.76,66.45,23.71,1.74,1.44,0.5,0.8,1,0.5,1,25,0,MATERIAL_TRANSPORT,1,0.8,38.22,3.33,3,SAFE,false
2026-10-01T10:02:07.000Z,SYNTHETIC_BENCHMARK,Scenario 3: High-Speed Overtaking Corridor,AMR-01,Process Operator,29.53,20.48,67.13,25.17,2.37,1.26,0.5,0.8,1,0.5,1,25,0,MATERIAL_TRANSPORT,1,0.8,37.89,3.71,3,SAFE,false
2026-10-01T10:02:07.000Z,SYNTHETIC_BENCHMARK,Scenario 3: High-Speed Overtaking Corridor,AMR-01,Process Operator,30.36,21.15,65.57,24.36,1.93,1.34,0.5,0.8,1,0.5,1,25,0,MATERIAL_TRANSPORT,1,0.8,35.36,3.43,3,SAFE,false
2026-10-01T10:02:07.000Z,SYNTHETIC_BENCHMARK,Scenario 3: High-Speed Overtaking Corridor,AMR-01,Process Operator,29.39,23.44,66.44,22.62,0.94,0.87,0.5,0.8,1,0.5,1,25,0,MATERIAL_TRANSPORT,1,0.8,37.06,2.52,3,SAFE,false
2026-10-01T10:02:07.000Z,SYNTHETIC_BENCHMARK,Scenario 3: High-Speed Overtaking Corridor,AMR-01,Process Operator,31.29,24.02,66.4,25.3,1.53,1.46,0.5,0.8,1,0.5,1,25,0,MATERIAL_TRANSPORT,1,0.8,35.13,3.19,3,SAFE,false
2026-10-01T10:02:08.000Z,SYNTHETIC_BENCHMARK,Scenario 3: High-Speed Overtaking Corridor,AMR-01,Process Operator,30.73,24.56,64.11,25.71,1.04,1.1,0.5,0.8,1,0.5,1,25,0,MATERIAL_TRANSPORT,1,0.8,33.4,2.69,3,SAFE,false
2026-10-01T10:02:08.000Z,SYNTHETIC_BENCHMARK,Scenario 3: High-Speed Overtaking Corridor,AMR-01,Process Operator,32.37,21.71,64.26,25.2,1.6,1.4,0.5,0.8,1,0.5,1,25,0,MATERIAL_TRANSPORT,1,0.8,32.08,3.21,3,SAFE,false
2026-10-01T10:02:08.000Z,SYNTHETIC_BENCHMARK,Scenario 3: High-Speed Overtaking Corridor,AMR-01,Process Operator,32.88,22.15,63.49,25.1,2.15,1.55,0.5,0.8,1,0.5,1,25,0,MATERIAL_TRANSPORT,1,0.8,30.75,3.67,3,SAFE,false
2026-10-01T10:02:08.000Z,SYNTHETIC_BENCHMARK,Scenario 3: High-Speed Overtaking Corridor,AMR-01,Process Operator,32.93,22.54,64.49,22.73,1.62,0.76,0.5,0.8,1,0.5,1,25,0,MATERIAL_TRANSPORT,1,0.8,31.56,2.97,3,SAFE,false
2026-10-01T10:02:08.000Z,SYNTHETIC_BENCHMARK,Scenario 3: High-Speed Overtaking Corridor,AMR-01,Process Operator,33.19,24.56,63.91,23.44,2.14,0.63,0.5,0.8,1,0.5,1,25,0,MATERIAL_TRANSPORT,1,0.8,30.74,3.29,3,SAFE,false
2026-10-01T10:02:09.000Z,SYNTHETIC_BENCHMARK,Scenario 3: High-Speed Overtaking Corridor,AMR-01,Process Operator,34.31,24.86,62.42,24.56,1.04,1.55,0.5,0.8,1,0.5,1,25,0,MATERIAL_TRANSPORT,1,0.8,28.11,2.87,3,SAFE,false
2026-10-01T10:02:09.000Z,SYNTHETIC_BENCHMARK,Scenario 3: High-Speed Overtaking Corridor,AMR-01,Process Operator,34.97,20.12,62.7,23.42,2.06,1.52,0.5,0.8,1,0.5,1,25,0,MATERIAL_TRANSPORT,1,0.8,27.93,3.59,3,SAFE,false
2026-10-01T10:02:09.000Z,SYNTHETIC_BENCHMARK,Scenario 3: High-Speed Overtaking Corridor,AMR-01,Process Operator,33.83,21.99,61.4,25.35,0.94,0.96,0.5,0.8,1,0.5,1,25,0,MATERIAL_TRANSPORT,1,0.8,27.77,2.56,3,SAFE,false
2026-10-01T10:02:09.000Z,SYNTHETIC_BENCHMARK,Scenario 3: High-Speed Overtaking Corridor,AMR-01,Process Operator,35.57,22.16,61.19,23.69,1.4,1.44,0.5,0.8,1,0.5,1,25,0,MATERIAL_TRANSPORT,1,0.8,25.67,3.08,3,SAFE,false
2026-10-01T10:02:09.000Z,SYNTHETIC_BENCHMARK,Scenario 3: High-Speed Overtaking Corridor,AMR-01,Process Operator,34.84,22.27,60.74,23.77,2.38,0.99,0.5,0.8,1,0.5,1,25,0,MATERIAL_TRANSPORT,1,0.8,25.94,3.61,3,SAFE,false
2026-10-01T10:02:10.000Z,SYNTHETIC_BENCHMARK,Scenario 3: High-Speed Overtaking Corridor,AMR-01,Process Operator,36.32,24.01,60.72,22.93,1.21,1.18,0.5,0.8,1,0.5,1,25,0,MATERIAL_TRANSPORT,1,0.8,24.42,2.84,3,SAFE,false
2026-10-01T10:02:10.000Z,SYNTHETIC_BENCHMARK,Scenario 3: High-Speed Overtaking Corridor,AMR-01,Process Operator,36.66,24.03,59.79,22.49,1.62,1.24,0.5,0.8,1,0.5,1,25,0,MATERIAL_TRANSPORT,1,0.8,23.18,3.16,3,SAFE,false
2026-10-01T10:02:10.000Z,SYNTHETIC_BENCHMARK,Scenario 3: High-Speed Overtaking Corridor,AMR-01,Process Operator,36.55,24.01,60.61,23.8,0.96,1.55,0.5,0.8,1,0.5,1,25,0,MATERIAL_TRANSPORT,1,0.8,24.06,2.81,3,SAFE,false
2026-10-01T10:02:10.000Z,SYNTHETIC_BENCHMARK,Scenario 3: High-Speed Overtaking Corridor,AMR-01,Process Operator,36.63,20.61,59.87,24.17,1.34,1.31,0.5,0.8,1,0.5,1,25,0,MATERIAL_TRANSPORT,1,0.8,23.51,2.99,3,SAFE,false
2026-10-01T10:02:10.000Z,SYNTHETIC_BENCHMARK,Scenario 3: High-Speed Overtaking Corridor,AMR-01,Process Operator,37.59,20.49,60.22,24.96,1.71,0.93,0.5,0.8,1,0.5,1,25,0,MATERIAL_TRANSPORT,1,0.8,23.07,3.1,3,SAFE,false
2026-10-01T10:02:11.000Z,SYNTHETIC_BENCHMARK,Scenario 3: High-Speed Overtaking Corridor,AMR-01,Process Operator,38.08,20.33,58.32,23.48,1,0.81,0.5,0.8,1,0.5,1,25,0,MATERIAL_TRANSPORT,1,0.8,20.48,2.54,3,SAFE,false
2026-10-01T10:02:11.000Z,SYNTHETIC_BENCHMARK,Scenario 3: High-Speed Overtaking Corridor,AMR-01,Process Operator,38.78,21.79,58.86,25.08,1.34,1.34,0.5,0.8,1,0.5,1,25,0,MATERIAL_TRANSPORT,1,0.8,20.35,3,3,SAFE,false
2026-10-01T10:02:11.000Z,SYNTHETIC_BENCHMARK,Scenario 3: High-Speed Overtaking Corridor,AMR-01,Process Operator,40.35,21.54,58.48,23.09,1.67,0.53,0.5,0.8,1,0.5,1,25,0,MATERIAL_TRANSPORT,1,0.8,18.2,2.91,3,SAFE,false
2026-10-01T10:02:11.000Z,SYNTHETIC_BENCHMARK,Scenario 3: High-Speed Overtaking Corridor,AMR-01,Process Operator,39.46,21.24,57.87,22.84,0.91,1.17,0.5,0.8,1,0.5,1,25,0,MATERIAL_TRANSPORT,1,0.8,18.48,2.62,3,SAFE,false
2026-10-01T10:02:11.000Z,SYNTHETIC_BENCHMARK,Scenario 3: High-Speed Overtaking Corridor,AMR-01,Process Operator,40.76,22.56,57.68,25.66,1.21,1.27,0.5,0.8,1,0.5,1,25,0,MATERIAL_TRANSPORT,1,0.8,17.2,2.88,3,SAFE,false
2026-10-01T10:02:12.000Z,SYNTHETIC_BENCHMARK,Scenario 3: High-Speed Overtaking Corridor,AMR-01,Process Operator,40.94,22.17,56.58,24.89,1.49,1.22,0.5,0.8,1,0.5,1,25,0,MATERIAL_TRANSPORT,1,0.8,15.87,3.06,3,SAFE,false
2026-10-01T10:02:12.000Z,SYNTHETIC_BENCHMARK,Scenario 3: High-Speed Overtaking Corridor,AMR-01,Process Operator,40.66,21.73,57.24,25.86,2.29,1.43,0.5,0.8,1,0.5,1,25,0,MATERIAL_TRANSPORT,1,0.8,17.09,3.72,3,SAFE,false
2026-10-01T10:02:12.000Z,SYNTHETIC_BENCHMARK,Scenario 3: High-Speed Overtaking Corridor,AMR-01,Process Operator,42.58,22.91,56.33,25.9,0.94,1.1,0.5,0.8,1,0.5,1,25,0,MATERIAL_TRANSPORT,1,0.8,14.07,2.62,3,SAFE,false
2026-10-01T10:02:12.000Z,SYNTHETIC_BENCHMARK,Scenario 3: High-Speed Overtaking Corridor,AMR-01,Process Operator,43.37,22.38,56.51,22.35,1.18,0.62,0.5,0.8,1,0.5,1,25,0,MATERIAL_TRANSPORT,1,0.8,13.14,2.6,3,SAFE,false
2026-10-01T10:02:12.000Z,SYNTHETIC_BENCHMARK,Scenario 3: High-Speed Overtaking Corridor,AMR-01,Process Operator,43.7,21.8,54.45,24.54,1.94,1.6,0.5,0.8,1,0.5,1,25,0,MATERIAL_TRANSPORT,1,0.8,11.09,3.54,3,SAFE,false
2026-10-01T10:02:13.000Z,SYNTHETIC_BENCHMARK,Scenario 3: High-Speed Overtaking Corridor,AMR-01,Process Operator,44.23,22.84,54.81,25.81,2.14,0.83,0.5,0.8,1,0.5,1,25,0,MATERIAL_TRANSPORT,1,0.8,10.99,3.37,3,SAFE,false
2026-10-01T10:02:13.000Z,SYNTHETIC_BENCHMARK,Scenario 3: High-Speed Overtaking Corridor,AMR-01,Process Operator,43.63,22.17,54.27,23.48,2.34,1.11,0.5,0.8,1,0.5,1,25,0,MATERIAL_TRANSPORT,1,0.8,10.72,3.63,3,SAFE,false
2026-10-01T10:02:13.000Z,SYNTHETIC_BENCHMARK,Scenario 3: High-Speed Overtaking Corridor,AMR-01,Process Operator,44.57,21.45,53.49,22.9,1.45,0.46,0.5,0.8,1,0.5,1,25,0,MATERIAL_TRANSPORT,1,0.8,9.04,2.73,3,SAFE,false
2026-10-01T10:02:13.000Z,SYNTHETIC_BENCHMARK,Scenario 3: High-Speed Overtaking Corridor,AMR-01,Process Operator,45.71,22.36,53.13,25.39,1.61,0.46,0.5,0.8,1,0.5,1,25,0,MATERIAL_TRANSPORT,1,0.8,8.01,2.84,3,SAFE,false
2026-10-01T10:02:13.000Z,SYNTHETIC_BENCHMARK,Scenario 3: High-Speed Overtaking Corridor,AMR-01,Process Operator,45.73,21.55,53.87,24.28,1.76,1.51,0.5,0.8,1,0.5,1,25,0,MATERIAL_TRANSPORT,1,0.8,8.59,3.37,3,SAFE,false
2026-10-01T10:02:14.000Z,SYNTHETIC_BENCHMARK,Scenario 3: High-Speed Overtaking Corridor,AMR-01,Process Operator,45.28,20.69,52.37,24.92,0.83,0.42,0.5,0.8,1,0.5,1,25,0,MATERIAL_TRANSPORT,1,0.8,8.26,2.27,3,SAFE,false
2026-10-01T10:02:14.000Z,SYNTHETIC_BENCHMARK,Scenario 3: High-Speed Overtaking Corridor,AMR-01,Process Operator,47.03,21.46,53.29,24.63,0.95,1.18,0.5,0.8,1,0.5,1,25,0,MATERIAL_TRANSPORT,1,0.8,7.02,2.66,3,SAFE,false
2026-10-01T10:02:14.000Z,SYNTHETIC_BENCHMARK,Scenario 3: High-Speed Overtaking Corridor,AMR-01,Process Operator,47.65,20.51,51.3,24.75,1.05,0.6,0.5,0.8,1,0.5,1,25,0,MATERIAL_TRANSPORT,1,0.8,5.59,2.5,3,SAFE,false
2026-10-01T10:02:14.000Z,SYNTHETIC_BENCHMARK,Scenario 3: High-Speed Overtaking Corridor,AMR-01,Process Operator,47.81,24.52,51.07,22.61,1.67,1.48,0.5,0.8,1,0.5,1,25,0,MATERIAL_TRANSPORT,1,0.8,3.78,3.29,3,SAFE,false
2026-10-01T10:02:14.000Z,SYNTHETIC_BENCHMARK,Scenario 3: High-Speed Overtaking Corridor,AMR-01,Process Operator,48.18,20.14,51.27,23.54,1.75,0.61,0.5,0.8,1,0.5,1,25,0,MATERIAL_TRANSPORT,1,0.8,4.59,3,3,SAFE,false
2026-10-01T10:02:15.000Z,SYNTHETIC_BENCHMARK,Scenario 3: High-Speed Overtaking Corridor,AMR-01,Process Operator,49.41,24.05,50.56,24.88,1.81,0.8,0.5,0.8,1,0.5,1,25,0,MATERIAL_TRANSPORT,1,0.8,1.42,3.12,3,UNSAFE,false
2026-10-01T10:02:15.000Z,SYNTHETIC_BENCHMARK,Scenario 3: High-Speed Overtaking Corridor,AMR-01,Process Operator,48.18,22.92,49.62,23.96,2.38,1.24,0.5,0.8,1,0.5,1,25,0,MATERIAL_TRANSPORT,1,0.8,1.78,3.71,3,UNSAFE,false
2026-10-01T10:02:15.000Z,SYNTHETIC_BENCHMARK,Scenario 3: High-Speed Overtaking Corridor,AMR-01,Process Operator,49.16,23.41,51.09,22.12,0.81,1.14,0.5,0.8,1,0.5,1,25,0,MATERIAL_TRANSPORT,1,0.8,2.32,2.54,3,WARNING,false
2026-10-01T10:02:15.000Z,SYNTHETIC_BENCHMARK,Scenario 3: High-Speed Overtaking Corridor,AMR-01,Process Operator,49.01,22.18,49.66,24.68,0.83,0.89,0.5,0.8,1,0.5,1,25,0,MATERIAL_TRANSPORT,1,0.8,2.58,2.45,3,SAFE,true
2026-10-01T10:02:15.000Z,SYNTHETIC_BENCHMARK,Scenario 3: High-Speed Overtaking Corridor,AMR-01,Process Operator,50.39,20.91,49.99,24.98,1.36,0.9,0.5,0.8,1,0.5,1,25,0,MATERIAL_TRANSPORT,1,0.8,4.09,2.84,3,SAFE,false
2026-10-01T10:02:16.000Z,SYNTHETIC_BENCHMARK,Scenario 3: High-Speed Overtaking Corridor,AMR-01,Process Operator,51.98,21.26,48.75,24.36,1.35,1.57,0.5,0.8,1,0.5,1,25,0,MATERIAL_TRANSPORT,1,0.8,4.48,3.1,3,SAFE,false
2026-10-01T10:02:16.000Z,SYNTHETIC_BENCHMARK,Scenario 3: High-Speed Overtaking Corridor,AMR-01,Process Operator,52.43,24.89,48.59,24.14,1.32,0.89,0.5,0.8,1,0.5,1,25,0,MATERIAL_TRANSPORT,1,0.8,3.91,2.81,3,SAFE,false
2026-10-01T10:02:16.000Z,SYNTHETIC_BENCHMARK,Scenario 3: High-Speed Overtaking Corridor,AMR-01,Process Operator,52.43,23.48,48.2,25.67,1.81,0.47,0.5,0.8,1,0.5,1,25,0,MATERIAL_TRANSPORT,1,0.8,4.76,2.99,3,SAFE,false
2026-10-01T10:02:16.000Z,SYNTHETIC_BENCHMARK,Scenario 3: High-Speed Overtaking Corridor,AMR-01,Process Operator,52.63,23.69,48.23,22.27,1.75,0.7,0.5,0.8,1,0.5,1,25,0,MATERIAL_TRANSPORT,1,0.8,4.62,3.04,3,SAFE,false
2026-10-01T10:02:16.000Z,SYNTHETIC_BENCHMARK,Scenario 3: High-Speed Overtaking Corridor,AMR-01,Process Operator,53.69,22.19,47.36,23.27,1.68,0.78,0.5,0.8,1,0.5,1,25,0,MATERIAL_TRANSPORT,1,0.8,6.42,3.02,3,SAFE,false
2026-10-01T10:02:17.000Z,SYNTHETIC_BENCHMARK,Scenario 3: High-Speed Overtaking Corridor,AMR-01,Process Operator,54.3,20.64,46.24,22.02,2.12,1.13,0.5,0.8,1,0.5,1,25,0,MATERIAL_TRANSPORT,1,0.8,8.18,3.48,3,SAFE,false
2026-10-01T10:02:17.000Z,SYNTHETIC_BENCHMARK,Scenario 3: High-Speed Overtaking Corridor,AMR-01,Process Operator,53.11,20.71,47.55,23.84,2.02,0.93,0.5,0.8,1,0.5,1,25,0,MATERIAL_TRANSPORT,1,0.8,6.38,3.33,3,SAFE,false
2026-10-01T10:02:17.000Z,SYNTHETIC_BENCHMARK,Scenario 3: High-Speed Overtaking Corridor,AMR-01,Process Operator,54.79,24.07,45.95,22.07,1.9,0.58,0.5,0.8,1,0.5,1,25,0,MATERIAL_TRANSPORT,1,0.8,9.06,3.1,3,SAFE,false
2026-10-01T10:02:17.000Z,SYNTHETIC_BENCHMARK,Scenario 3: High-Speed Overtaking Corridor,AMR-01,Process Operator,54,22.38,46.12,22.04,2.3,0.49,0.5,0.8,1,0.5,1,25,0,MATERIAL_TRANSPORT,1,0.8,7.89,3.35,3,SAFE,false
2026-10-01T10:02:17.000Z,SYNTHETIC_BENCHMARK,Scenario 3: High-Speed Overtaking Corridor,AMR-01,Process Operator,55.42,22.31,44.7,25.09,2.15,1.05,0.5,0.8,1,0.5,1,25,0,MATERIAL_TRANSPORT,1,0.8,11.07,3.47,3,SAFE,false
2026-10-01T10:02:18.000Z,SYNTHETIC_BENCHMARK,Scenario 3: High-Speed Overtaking Corridor,AMR-01,Process Operator,55.71,20.53,44.39,24.54,1.99,1.48,0.5,0.8,1,0.5,1,25,0,MATERIAL_TRANSPORT,1,0.8,12.01,3.52,3,SAFE,false
2026-10-01T10:02:18.000Z,SYNTHETIC_BENCHMARK,Scenario 3: High-Speed Overtaking Corridor,AMR-01,Process Operator,55.54,23.7,43.83,25.73,2.34,0.95,0.5,0.8,1,0.5,1,25,0,MATERIAL_TRANSPORT,1,0.8,11.88,3.56,3,SAFE,false
2026-10-01T10:02:18.000Z,SYNTHETIC_BENCHMARK,Scenario 3: High-Speed Overtaking Corridor,AMR-01,Process Operator,57.57,23.49,43.69,26,2.15,1.08,0.5,0.8,1,0.5,1,25,0,MATERIAL_TRANSPORT,1,0.8,14.11,3.48,3,SAFE,false
2026-10-01T10:02:18.000Z,SYNTHETIC_BENCHMARK,Scenario 3: High-Speed Overtaking Corridor,AMR-01,Process Operator,58.47,21.57,44.65,22.67,1.95,1.07,0.5,0.8,1,0.5,1,25,0,MATERIAL_TRANSPORT,1,0.8,13.86,3.33,3,SAFE,false
2026-10-01T10:02:18.000Z,SYNTHETIC_BENCHMARK,Scenario 3: High-Speed Overtaking Corridor,AMR-01,Process Operator,58.91,24.6,43.37,25.08,2.26,1.31,0.5,0.8,1,0.5,1,25,0,MATERIAL_TRANSPORT,1,0.8,15.55,3.65,3,SAFE,false
2026-10-01T10:02:19.000Z,SYNTHETIC_BENCHMARK,Scenario 3: High-Speed Overtaking Corridor,AMR-01,Process Operator,57.56,24.26,42.51,22.57,2.02,1.01,0.5,0.8,1,0.5,1,25,0,MATERIAL_TRANSPORT,1,0.8,15.14,3.36,3,SAFE,false
2026-10-01T10:02:19.000Z,SYNTHETIC_BENCHMARK,Scenario 3: High-Speed Overtaking Corridor,AMR-01,Process Operator,59.07,22.2,42.75,24.47,1.77,0.57,0.5,0.8,1,0.5,1,25,0,MATERIAL_TRANSPORT,1,0.8,16.48,3,3,SAFE,false
2026-10-01T10:02:19.000Z,SYNTHETIC_BENCHMARK,Scenario 3: High-Speed Overtaking Corridor,AMR-01,Process Operator,60.12,20.09,42.74,24.11,2.04,1.57,0.5,0.8,1,0.5,1,25,0,MATERIAL_TRANSPORT,1,0.8,17.84,3.6,3,SAFE,false
2026-10-01T10:02:19.000Z,SYNTHETIC_BENCHMARK,Scenario 3: High-Speed Overtaking Corridor,AMR-01,Process Operator,59.37,24.61,41.16,22.82,1.75,0.84,0.5,0.8,1,0.5,1,25,0,MATERIAL_TRANSPORT,1,0.8,18.3,3.1,3,SAFE,false
2026-10-01T10:02:19.000Z,SYNTHETIC_BENCHMARK,Scenario 3: High-Speed Overtaking Corridor,AMR-01,Process Operator,61.5,22.41,40.68,25.93,1.46,1.16,0.5,0.8,1,0.5,1,25,0,MATERIAL_TRANSPORT,1,0.8,21.12,3.02,3,SAFE,false
2026-10-01T10:02:20.000Z,SYNTHETIC_BENCHMARK,Scenario 3: High-Speed Overtaking Corridor,AMR-01,Process Operator,61.16,20.16,41.95,22.79,1.68,0.54,0.5,0.8,1,0.5,1,25,0,MATERIAL_TRANSPORT,1,0.8,19.39,2.93,3,SAFE,false
2026-10-01T10:02:20.000Z,SYNTHETIC_BENCHMARK,Scenario 3: High-Speed Overtaking Corridor,AMR-01,Process Operator,61.02,24.54,39.65,22.73,1.35,0.57,0.5,0.8,1,0.5,1,25,0,MATERIAL_TRANSPORT,1,0.8,21.45,2.7,3,SAFE,false
2026-10-01T10:02:20.000Z,SYNTHETIC_BENCHMARK,Scenario 3: High-Speed Overtaking Corridor,AMR-01,Process Operator,61.76,22.2,40.44,23.07,1.01,0.46,0.5,0.8,1,0.5,1,25,0,MATERIAL_TRANSPORT,1,0.8,21.34,2.41,3,SAFE,false
2026-10-01T10:02:20.000Z,SYNTHETIC_BENCHMARK,Scenario 3: High-Speed Overtaking Corridor,AMR-01,Process Operator,62.03,24.82,38.99,25.15,1.19,0.6,0.5,0.8,1,0.5,1,25,0,MATERIAL_TRANSPORT,1,0.8,23.04,2.6,3,SAFE,false
2026-10-01T10:02:20.000Z,SYNTHETIC_BENCHMARK,Scenario 3: High-Speed Overtaking Corridor,AMR-01,Process Operator,62.5,24.06,39.97,22.3,0.82,1.4,0.5,0.8,1,0.5,1,25,0,MATERIAL_TRANSPORT,1,0.8,22.6,2.65,3,SAFE,false
2026-10-01T10:02:21.000Z,SYNTHETIC_BENCHMARK,Scenario 3: High-Speed Overtaking Corridor,AMR-01,Process Operator,63.85,21.58,38.04,23.86,2.04,0.85,0.5,0.8,1,0.5,1,25,0,MATERIAL_TRANSPORT,1,0.8,25.91,3.31,3,SAFE,false
2026-10-01T10:02:21.000Z,SYNTHETIC_BENCHMARK,Scenario 3: High-Speed Overtaking Corridor,AMR-01,Process Operator,64.73,24.06,37.87,23.17,2.17,0.56,0.5,0.8,1,0.5,1,25,0,MATERIAL_TRANSPORT,1,0.8,26.87,3.29,3,SAFE,false
2026-10-01T10:02:21.000Z,SYNTHETIC_BENCHMARK,Scenario 3: High-Speed Overtaking Corridor,AMR-01,Process Operator,63.82,23.16,38.12,25.54,1.76,0.92,0.5,0.8,1,0.5,1,25,0,MATERIAL_TRANSPORT,1,0.8,25.81,3.14,3,SAFE,false
2026-10-01T10:02:21.000Z,SYNTHETIC_BENCHMARK,Scenario 3: High-Speed Overtaking Corridor,AMR-01,Process Operator,65.78,20.54,37.47,24.33,1.33,1.15,0.5,0.8,1,0.5,1,25,0,MATERIAL_TRANSPORT,1,0.8,28.56,2.92,3,SAFE,false
2026-10-01T10:02:21.000Z,SYNTHETIC_BENCHMARK,Scenario 3: High-Speed Overtaking Corridor,AMR-01,Process Operator,65.27,22.88,36.58,24.85,1.42,0.42,0.5,0.8,1,0.5,1,25,0,MATERIAL_TRANSPORT,1,0.8,28.76,2.69,3,SAFE,false
2026-10-01T10:02:22.000Z,SYNTHETIC_BENCHMARK,Scenario 3: High-Speed Overtaking Corridor,AMR-01,Process Operator,66.97,21.84,36.11,24.45,0.96,1.55,0.5,0.8,1,0.5,1,25,0,MATERIAL_TRANSPORT,1,0.8,30.97,2.81,3,SAFE,false
2026-10-01T10:02:22.000Z,SYNTHETIC_BENCHMARK,Scenario 3: High-Speed Overtaking Corridor,AMR-01,Process Operator,65.54,24.09,36.73,24.46,2.08,1.34,0.5,0.8,1,0.5,1,25,0,MATERIAL_TRANSPORT,1,0.8,28.81,3.53,3,SAFE,false
2026-10-01T10:02:22.000Z,SYNTHETIC_BENCHMARK,Scenario 3: High-Speed Overtaking Corridor,AMR-01,Process Operator,67.64,21.29,37.12,22.21,2.13,1.38,0.5,0.8,1,0.5,1,25,0,MATERIAL_TRANSPORT,1,0.8,30.53,3.59,3,SAFE,false
2026-10-01T10:02:22.000Z,SYNTHETIC_BENCHMARK,Scenario 3: High-Speed Overtaking Corridor,AMR-01,Process Operator,67.95,20.11,35.93,23.03,1.62,0.88,0.5,0.8,1,0.5,1,25,0,MATERIAL_TRANSPORT,1,0.8,32.15,3.02,3,SAFE,false
2026-10-01T10:02:22.000Z,SYNTHETIC_BENCHMARK,Scenario 3: High-Speed Overtaking Corridor,AMR-01,Process Operator,67.13,22.21,35.83,24.26,1.11,1.44,0.5,0.8,1,0.5,1,25,0,MATERIAL_TRANSPORT,1,0.8,31.37,2.88,3,SAFE,false
2026-10-01T10:02:23.000Z,SYNTHETIC_BENCHMARK,Scenario 3: High-Speed Overtaking Corridor,AMR-01,Process Operator,67.85,24.28,35.49,23.23,1.11,1.05,0.5,0.8,1,0.5,1,25,0,MATERIAL_TRANSPORT,1,0.8,32.38,2.72,3,SAFE,false
2026-10-01T10:02:23.000Z,SYNTHETIC_BENCHMARK,Scenario 3: High-Speed Overtaking Corridor,AMR-01,Process Operator,68.77,22.96,35.58,25.27,2.16,1.31,0.5,0.8,1,0.5,1,25,0,MATERIAL_TRANSPORT,1,0.8,33.27,3.58,3,SAFE,false
2026-10-01T10:02:23.000Z,SYNTHETIC_BENCHMARK,Scenario 3: High-Speed Overtaking Corridor,AMR-01,Process Operator,68.56,24.93,34.76,23.72,1.6,1.43,0.5,0.8,1,0.5,1,25,0,MATERIAL_TRANSPORT,1,0.8,33.82,3.22,3,SAFE,false
2026-10-01T10:02:23.000Z,SYNTHETIC_BENCHMARK,Scenario 3: High-Speed Overtaking Corridor,AMR-01,Process Operator,69.88,21.85,33.7,23.92,1.55,0.61,0.5,0.8,1,0.5,1,25,0,MATERIAL_TRANSPORT,1,0.8,36.24,2.86,3,SAFE,false
2026-10-01T10:02:23.000Z,SYNTHETIC_BENCHMARK,Scenario 3: High-Speed Overtaking Corridor,AMR-01,Process Operator,71.42,20.39,33.07,23.18,0.96,0.44,0.5,0.8,1,0.5,1,25,0,MATERIAL_TRANSPORT,1,0.8,38.45,2.37,3,SAFE,false
2026-10-01T10:03:00.000Z,SYNTHETIC_BENCHMARK,Scenario 4: Multi-Agent Convergence (2 AMRs + 2 Humans),AMR-01,Process Operator,11.82,22.22,81.53,22.86,1.95,1.33,0.5,0.8,1,0.5,1,28,0.05,MATERIAL_TRANSPORT,1,1.4,69.71,4.98,3,SAFE,false
2026-10-01T10:03:00.000Z,SYNTHETIC_BENCHMARK,Scenario 4: Multi-Agent Convergence (2 AMRs + 2 Humans),AMR-02,Maintenance Tech,11.76,24,79.74,24.27,1.86,1.27,0.5,0.8,1,0.5,1,28,0.05,MATERIAL_TRANSPORT,1,1.4,67.98,4.82,3,SAFE,false
2026-10-01T10:03:00.000Z,SYNTHETIC_BENCHMARK,Scenario 4: Multi-Agent Convergence (2 AMRs + 2 Humans),AMR-01,Process Operator,11.9,22.41,80.39,24.76,1.23,0.67,0.5,0.8,1,0.5,1,28,0.05,MATERIAL_TRANSPORT,1,1.4,68.53,3.61,3,SAFE,false
2026-10-01T10:03:00.000Z,SYNTHETIC_BENCHMARK,Scenario 4: Multi-Agent Convergence (2 AMRs + 2 Humans),AMR-02,Maintenance Tech,12.91,24.1,80.12,25.65,2.18,1.12,0.5,0.8,1,0.5,1,28,0.05,MATERIAL_TRANSPORT,1,1.4,67.23,5.12,3,SAFE,false
2026-10-01T10:03:00.000Z,SYNTHETIC_BENCHMARK,Scenario 4: Multi-Agent Convergence (2 AMRs + 2 Humans),AMR-01,Process Operator,13.46,20.74,79.62,24.29,2.04,0.63,0.5,0.8,1,0.5,1,28,0.05,MATERIAL_TRANSPORT,1,1.4,66.26,4.6,3,SAFE,false
2026-10-01T10:03:01.000Z,SYNTHETIC_BENCHMARK,Scenario 4: Multi-Agent Convergence (2 AMRs + 2 Humans),AMR-02,Maintenance Tech,14.21,24.01,79.54,22,1.36,0.8,0.5,0.8,1,0.5,1,28,0.05,MATERIAL_TRANSPORT,1,1.4,65.36,3.86,3,SAFE,false
2026-10-01T10:03:01.000Z,SYNTHETIC_BENCHMARK,Scenario 4: Multi-Agent Convergence (2 AMRs + 2 Humans),AMR-01,Process Operator,13.84,20.56,78.55,24.12,2.27,0.82,0.5,0.8,1,0.5,1,28,0.05,MATERIAL_TRANSPORT,1,1.4,64.81,5.02,3,SAFE,false
2026-10-01T10:03:01.000Z,SYNTHETIC_BENCHMARK,Scenario 4: Multi-Agent Convergence (2 AMRs + 2 Humans),AMR-02,Maintenance Tech,15,22.06,77.33,23.98,2.09,1.09,0.5,0.8,1,0.5,1,28,0.05,MATERIAL_TRANSPORT,1,1.4,62.36,4.99,3,SAFE,false
2026-10-01T10:03:01.000Z,SYNTHETIC_BENCHMARK,Scenario 4: Multi-Agent Convergence (2 AMRs + 2 Humans),AMR-01,Process Operator,14.36,20.19,78.53,22.91,1.36,0.82,0.5,0.8,1,0.5,1,28,0.05,MATERIAL_TRANSPORT,1,1.4,64.23,3.88,3,SAFE,false
2026-10-01T10:03:01.000Z,SYNTHETIC_BENCHMARK,Scenario 4: Multi-Agent Convergence (2 AMRs + 2 Humans),AMR-02,Maintenance Tech,14.6,21.6,76.82,22.25,2.22,0.41,0.5,0.8,1,0.5,1,28,0.05,MATERIAL_TRANSPORT,1,1.4,62.22,4.67,3,SAFE,false
2026-10-01T10:03:02.000Z,SYNTHETIC_BENCHMARK,Scenario 4: Multi-Agent Convergence (2 AMRs + 2 Humans),AMR-01,Process Operator,16.37,22.97,76.87,23.33,2,1.45,0.5,0.8,1,0.5,1,28,0.05,MATERIAL_TRANSPORT,1,1.4,60.5,5.13,3,SAFE,false
2026-10-01T10:03:02.000Z,SYNTHETIC_BENCHMARK,Scenario 4: Multi-Agent Convergence (2 AMRs + 2 Humans),AMR-02,Maintenance Tech,16.35,20.96,77.35,23.49,1.23,0.75,0.5,0.8,1,0.5,1,28,0.05,MATERIAL_TRANSPORT,1,1.4,61.05,3.66,3,SAFE,false
2026-10-01T10:03:02.000Z,SYNTHETIC_BENCHMARK,Scenario 4: Multi-Agent Convergence (2 AMRs + 2 Humans),AMR-01,Process Operator,17.19,22.23,76.92,24.05,2.05,1.11,0.5,0.8,1,0.5,1,28,0.05,MATERIAL_TRANSPORT,1,1.4,59.76,4.95,3,SAFE,false
2026-10-01T10:03:02.000Z,SYNTHETIC_BENCHMARK,Scenario 4: Multi-Agent Convergence (2 AMRs + 2 Humans),AMR-02,Maintenance Tech,17.58,23.46,76.24,22.35,1.78,0.52,0.5,0.8,1,0.5,1,28,0.05,MATERIAL_TRANSPORT,1,1.4,58.67,4.2,3,SAFE,false
2026-10-01T10:03:02.000Z,SYNTHETIC_BENCHMARK,Scenario 4: Multi-Agent Convergence (2 AMRs + 2 Humans),AMR-01,Process Operator,18.16,21.31,76,23.73,0.96,0.58,0.5,0.8,1,0.5,1,28,0.05,MATERIAL_TRANSPORT,1,1.4,57.89,3.21,3,SAFE,false
2026-10-01T10:03:03.000Z,SYNTHETIC_BENCHMARK,Scenario 4: Multi-Agent Convergence (2 AMRs + 2 Humans),AMR-02,Maintenance Tech,17.62,22.44,74.85,25.52,1.73,0.5,0.5,0.8,1,0.5,1,28,0.05,MATERIAL_TRANSPORT,1,1.4,57.31,4.12,3,SAFE,false
2026-10-01T10:03:03.000Z,SYNTHETIC_BENCHMARK,Scenario 4: Multi-Agent Convergence (2 AMRs + 2 Humans),AMR-01,Process Operator,18.61,23.53,75.45,25.04,1.42,0.68,0.5,0.8,1,0.5,1,28,0.05,MATERIAL_TRANSPORT,1,1.4,56.86,3.86,3,SAFE,false
2026-10-01T10:03:03.000Z,SYNTHETIC_BENCHMARK,Scenario 4: Multi-Agent Convergence (2 AMRs + 2 Humans),AMR-02,Maintenance Tech,19.81,21.24,74.48,23.64,2.17,1.51,0.5,0.8,1,0.5,1,28,0.05,MATERIAL_TRANSPORT,1,1.4,54.72,5.38,3,SAFE,false
2026-10-01T10:03:03.000Z,SYNTHETIC_BENCHMARK,Scenario 4: Multi-Agent Convergence (2 AMRs + 2 Humans),AMR-01,Process Operator,19.88,22.24,74.61,22.65,1.29,1,0.5,0.8,1,0.5,1,28,0.05,MATERIAL_TRANSPORT,1,1.4,54.73,3.92,3,SAFE,false
2026-10-01T10:03:03.000Z,SYNTHETIC_BENCHMARK,Scenario 4: Multi-Agent Convergence (2 AMRs + 2 Humans),AMR-02,Maintenance Tech,21.49,23.19,72.49,23.39,0.94,0.74,0.5,0.8,1,0.5,1,28,0.05,MATERIAL_TRANSPORT,1,1.4,51,3.29,3,SAFE,false
2026-10-01T10:03:04.000Z,SYNTHETIC_BENCHMARK,Scenario 4: Multi-Agent Convergence (2 AMRs + 2 Humans),AMR-01,Process Operator,21.29,20.76,72.8,23.22,1.63,1.14,0.5,0.8,1,0.5,1,28,0.05,MATERIAL_TRANSPORT,1,1.4,51.57,4.44,3,SAFE,false
2026-10-01T10:03:04.000Z,SYNTHETIC_BENCHMARK,Scenario 4: Multi-Agent Convergence (2 AMRs + 2 Humans),AMR-02,Maintenance Tech,21.97,21.61,72.21,23.45,2.31,1.39,0.5,0.8,1,0.5,1,28,0.05,MATERIAL_TRANSPORT,1,1.4,50.27,5.47,3,SAFE,false
2026-10-01T10:03:04.000Z,SYNTHETIC_BENCHMARK,Scenario 4: Multi-Agent Convergence (2 AMRs + 2 Humans),AMR-01,Process Operator,22.19,22.42,71.37,25.42,1.91,0.7,0.5,0.8,1,0.5,1,28,0.05,MATERIAL_TRANSPORT,1,1.4,49.27,4.49,3,SAFE,false
2026-10-01T10:03:04.000Z,SYNTHETIC_BENCHMARK,Scenario 4: Multi-Agent Convergence (2 AMRs + 2 Humans),AMR-02,Maintenance Tech,22.61,24.86,70.96,22.46,0.97,0.67,0.5,0.8,1,0.5,1,28,0.05,MATERIAL_TRANSPORT,1,1.4,48.41,3.28,3,SAFE,false
2026-10-01T10:03:04.000Z,SYNTHETIC_BENCHMARK,Scenario 4: Multi-Agent Convergence (2 AMRs + 2 Humans),AMR-01,Process Operator,23.9,20.57,71.64,23.91,1.6,0.49,0.5,0.8,1,0.5,1,28,0.05,MATERIAL_TRANSPORT,1,1.4,47.86,3.95,3,SAFE,false
2026-10-01T10:03:05.000Z,SYNTHETIC_BENCHMARK,Scenario 4: Multi-Agent Convergence (2 AMRs + 2 Humans),AMR-02,Maintenance Tech,22.73,21.25,70.08,23.1,1.16,0.56,0.5,0.8,1,0.5,1,28,0.05,MATERIAL_TRANSPORT,1,1.4,47.39,3.44,3,SAFE,false
2026-10-01T10:03:05.000Z,SYNTHETIC_BENCHMARK,Scenario 4: Multi-Agent Convergence (2 AMRs + 2 Humans),AMR-01,Process Operator,23.76,23.54,70.94,25.37,1.77,1.29,0.5,0.8,1,0.5,1,28,0.05,MATERIAL_TRANSPORT,1,1.4,47.22,4.72,3,SAFE,false
2026-10-01T10:03:05.000Z,SYNTHETIC_BENCHMARK,Scenario 4: Multi-Agent Convergence (2 AMRs + 2 Humans),AMR-02,Maintenance Tech,23.66,24.12,70.9,24.04,2.36,0.68,0.5,0.8,1,0.5,1,28,0.05,MATERIAL_TRANSPORT,1,1.4,47.24,5.04,3,SAFE,false
2026-10-01T10:03:05.000Z,SYNTHETIC_BENCHMARK,Scenario 4: Multi-Agent Convergence (2 AMRs + 2 Humans),AMR-01,Process Operator,25.1,24.65,70.62,24.46,1.87,1.52,0.5,0.8,1,0.5,1,28,0.05,MATERIAL_TRANSPORT,1,1.4,45.52,5.01,3,SAFE,false
2026-10-01T10:03:05.000Z,SYNTHETIC_BENCHMARK,Scenario 4: Multi-Agent Convergence (2 AMRs + 2 Humans),AMR-02,Maintenance Tech,24.74,21.81,68.76,23.95,0.84,0.62,0.5,0.8,1,0.5,1,28,0.05,MATERIAL_TRANSPORT,1,1.4,44.07,3.08,3,SAFE,false
2026-10-01T10:03:06.000Z,SYNTHETIC_BENCHMARK,Scenario 4: Multi-Agent Convergence (2 AMRs + 2 Humans),AMR-01,Process Operator,25.25,22.25,70,23.84,1.38,0.78,0.5,0.8,1,0.5,1,28,0.05,MATERIAL_TRANSPORT,1,1.4,44.78,3.87,3,SAFE,false
2026-10-01T10:03:06.000Z,SYNTHETIC_BENCHMARK,Scenario 4: Multi-Agent Convergence (2 AMRs + 2 Humans),AMR-02,Maintenance Tech,27.3,22.64,68.99,25.48,0.85,1.19,0.5,0.8,1,0.5,1,28,0.05,MATERIAL_TRANSPORT,1,1.4,41.79,3.49,3,SAFE,false
2026-10-01T10:03:06.000Z,SYNTHETIC_BENCHMARK,Scenario 4: Multi-Agent Convergence (2 AMRs + 2 Humans),AMR-01,Process Operator,27.56,24.66,68.42,22.19,1.37,1.05,0.5,0.8,1,0.5,1,28,0.05,MATERIAL_TRANSPORT,1,1.4,40.93,4.05,3,SAFE,false
2026-10-01T10:03:06.000Z,SYNTHETIC_BENCHMARK,Scenario 4: Multi-Agent Convergence (2 AMRs + 2 Humans),AMR-02,Maintenance Tech,26.68,24.96,66.93,23.31,1.87,0.77,0.5,0.8,1,0.5,1,28,0.05,MATERIAL_TRANSPORT,1,1.4,40.28,4.49,3,SAFE,false
2026-10-01T10:03:06.000Z,SYNTHETIC_BENCHMARK,Scenario 4: Multi-Agent Convergence (2 AMRs + 2 Humans),AMR-01,Process Operator,27.34,20.21,67.2,22.16,1.3,0.75,0.5,0.8,1,0.5,1,28,0.05,MATERIAL_TRANSPORT,1,1.4,39.91,3.75,3,SAFE,false
2026-10-01T10:03:07.000Z,SYNTHETIC_BENCHMARK,Scenario 4: Multi-Agent Convergence (2 AMRs + 2 Humans),AMR-02,Maintenance Tech,28.21,22.09,67.9,24.1,1.77,1.38,0.5,0.8,1,0.5,1,28,0.05,MATERIAL_TRANSPORT,1,1.4,39.74,4.79,3,SAFE,false
2026-10-01T10:03:07.000Z,SYNTHETIC_BENCHMARK,Scenario 4: Multi-Agent Convergence (2 AMRs + 2 Humans),AMR-01,Process Operator,29.94,22.25,65.69,22.44,2.23,0.67,0.5,0.8,1,0.5,1,28,0.05,MATERIAL_TRANSPORT,1,1.4,35.75,4.87,3,SAFE,false
2026-10-01T10:03:07.000Z,SYNTHETIC_BENCHMARK,Scenario 4: Multi-Agent Convergence (2 AMRs + 2 Humans),AMR-02,Maintenance Tech,29.21,22.37,65.25,22.52,1.61,1.41,0.5,0.8,1,0.5,1,28,0.05,MATERIAL_TRANSPORT,1,1.4,36.04,4.61,3,SAFE,false
2026-10-01T10:03:07.000Z,SYNTHETIC_BENCHMARK,Scenario 4: Multi-Agent Convergence (2 AMRs + 2 Humans),AMR-01,Process Operator,30.69,24.11,65.22,25.67,2.04,0.41,0.5,0.8,1,0.5,1,28,0.05,MATERIAL_TRANSPORT,1,1.4,34.57,4.45,3,SAFE,false
2026-10-01T10:03:07.000Z,SYNTHETIC_BENCHMARK,Scenario 4: Multi-Agent Convergence (2 AMRs + 2 Humans),AMR-02,Maintenance Tech,31.04,24.13,66.29,25.24,0.85,0.46,0.5,0.8,1,0.5,1,28,0.05,MATERIAL_TRANSPORT,1,1.4,35.27,2.98,3,SAFE,false
2026-10-01T10:03:08.000Z,SYNTHETIC_BENCHMARK,Scenario 4: Multi-Agent Convergence (2 AMRs + 2 Humans),AMR-01,Process Operator,30.92,24.11,65.12,22.54,1.79,0.77,0.5,0.8,1,0.5,1,28,0.05,MATERIAL_TRANSPORT,1,1.4,34.24,4.38,3,SAFE,false
2026-10-01T10:03:08.000Z,SYNTHETIC_BENCHMARK,Scenario 4: Multi-Agent Convergence (2 AMRs + 2 Humans),AMR-02,Maintenance Tech,31.01,20.71,64.37,22.92,2.17,0.54,0.5,0.8,1,0.5,1,28,0.05,MATERIAL_TRANSPORT,1,1.4,33.43,4.7,3,SAFE,false
2026-10-01T10:03:08.000Z,SYNTHETIC_BENCHMARK,Scenario 4: Multi-Agent Convergence (2 AMRs + 2 Humans),AMR-01,Process Operator,31.96,20.59,64.72,23.7,0.94,1.36,0.5,0.8,1,0.5,1,28,0.05,MATERIAL_TRANSPORT,1,1.4,32.91,3.73,3,SAFE,false
2026-10-01T10:03:08.000Z,SYNTHETIC_BENCHMARK,Scenario 4: Multi-Agent Convergence (2 AMRs + 2 Humans),AMR-02,Maintenance Tech,32.46,20.43,62.83,22.23,1.83,1.23,0.5,0.8,1,0.5,1,28,0.05,MATERIAL_TRANSPORT,1,1.4,30.42,4.76,3,SAFE,false
2026-10-01T10:03:08.000Z,SYNTHETIC_BENCHMARK,Scenario 4: Multi-Agent Convergence (2 AMRs + 2 Humans),AMR-01,Process Operator,33.15,21.89,63.36,23.83,2.17,0.57,0.5,0.8,1,0.5,1,28,0.05,MATERIAL_TRANSPORT,1,1.4,30.27,4.72,3,SAFE,false
2026-10-01T10:03:09.000Z,SYNTHETIC_BENCHMARK,Scenario 4: Multi-Agent Convergence (2 AMRs + 2 Humans),AMR-02,Maintenance Tech,32.72,21.64,62.99,25.83,0.9,0.95,0.5,0.8,1,0.5,1,28,0.05,MATERIAL_TRANSPORT,1,1.4,30.56,3.39,3,SAFE,false
2026-10-01T10:03:09.000Z,SYNTHETIC_BENCHMARK,Scenario 4: Multi-Agent Convergence (2 AMRs + 2 Humans),AMR-01,Process Operator,33.83,21.34,62.37,25.58,1.74,1.6,0.5,0.8,1,0.5,1,28,0.05,MATERIAL_TRANSPORT,1,1.4,28.85,4.9,3,SAFE,false
2026-10-01T10:03:09.000Z,SYNTHETIC_BENCHMARK,Scenario 4: Multi-Agent Convergence (2 AMRs + 2 Humans),AMR-02,Maintenance Tech,35.14,22.66,62.18,24.4,2.04,0.49,0.5,0.8,1,0.5,1,28,0.05,MATERIAL_TRANSPORT,1,1.4,27.1,4.5,3,SAFE,false
2026-10-01T10:03:09.000Z,SYNTHETIC_BENCHMARK,Scenario 4: Multi-Agent Convergence (2 AMRs + 2 Humans),AMR-01,Process Operator,35.32,22.26,61.08,23.63,2.32,0.45,0.5,0.8,1,0.5,1,28,0.05,MATERIAL_TRANSPORT,1,1.4,25.8,4.83,3,SAFE,false
2026-10-01T10:03:09.000Z,SYNTHETIC_BENCHMARK,Scenario 4: Multi-Agent Convergence (2 AMRs + 2 Humans),AMR-02,Maintenance Tech,35.03,21.82,61.75,24.6,1.52,0.66,0.5,0.8,1,0.5,1,28,0.05,MATERIAL_TRANSPORT,1,1.4,26.86,3.97,3,SAFE,false
2026-10-01T10:03:10.000Z,SYNTHETIC_BENCHMARK,Scenario 4: Multi-Agent Convergence (2 AMRs + 2 Humans),AMR-01,Process Operator,36.95,23.01,60.83,24.65,1.77,1.52,0.5,0.8,1,0.5,1,28,0.05,MATERIAL_TRANSPORT,1,1.4,23.94,4.88,3,SAFE,false
2026-10-01T10:03:10.000Z,SYNTHETIC_BENCHMARK,Scenario 4: Multi-Agent Convergence (2 AMRs + 2 Humans),AMR-02,Maintenance Tech,35.74,22.47,61.01,25.1,2.01,1.04,0.5,0.8,1,0.5,1,28,0.05,MATERIAL_TRANSPORT,1,1.4,25.41,4.85,3,SAFE,false
2026-10-01T10:03:10.000Z,SYNTHETIC_BENCHMARK,Scenario 4: Multi-Agent Convergence (2 AMRs + 2 Humans),AMR-01,Process Operator,36.07,21.9,60.95,23.29,1.17,0.82,0.5,0.8,1,0.5,1,28,0.05,MATERIAL_TRANSPORT,1,1.4,24.92,3.64,3,SAFE,false
2026-10-01T10:03:10.000Z,SYNTHETIC_BENCHMARK,Scenario 4: Multi-Agent Convergence (2 AMRs + 2 Humans),AMR-02,Maintenance Tech,36.6,22.94,59.32,24.56,1.38,1.25,0.5,0.8,1,0.5,1,28,0.05,MATERIAL_TRANSPORT,1,1.4,22.78,4.2,3,SAFE,false
2026-10-01T10:03:10.000Z,SYNTHETIC_BENCHMARK,Scenario 4: Multi-Agent Convergence (2 AMRs + 2 Humans),AMR-01,Process Operator,38,22.27,58.78,22.23,1.57,1.54,0.5,0.8,1,0.5,1,28,0.05,MATERIAL_TRANSPORT,1,1.4,20.78,4.65,3,SAFE,false
2026-10-01T10:03:11.000Z,SYNTHETIC_BENCHMARK,Scenario 4: Multi-Agent Convergence (2 AMRs + 2 Humans),AMR-02,Maintenance Tech,38.94,21.55,60,25.64,2.28,0.88,0.5,0.8,1,0.5,1,28,0.05,MATERIAL_TRANSPORT,1,1.4,21.45,5.08,3,SAFE,false
2026-10-01T10:03:11.000Z,SYNTHETIC_BENCHMARK,Scenario 4: Multi-Agent Convergence (2 AMRs + 2 Humans),AMR-01,Process Operator,38.08,22.46,57.64,24.13,0.84,0.88,0.5,0.8,1,0.5,1,28,0.05,MATERIAL_TRANSPORT,1,1.4,19.63,3.26,3,SAFE,false
2026-10-01T10:03:11.000Z,SYNTHETIC_BENCHMARK,Scenario 4: Multi-Agent Convergence (2 AMRs + 2 Humans),AMR-02,Maintenance Tech,40.1,21.65,58.38,23.03,0.99,0.73,0.5,0.8,1,0.5,1,28,0.05,MATERIAL_TRANSPORT,1,1.4,18.33,3.35,3,SAFE,false
2026-10-01T10:03:11.000Z,SYNTHETIC_BENCHMARK,Scenario 4: Multi-Agent Convergence (2 AMRs + 2 Humans),AMR-01,Process Operator,39.65,20.79,56.87,23.66,1.66,0.84,0.5,0.8,1,0.5,1,28,0.05,MATERIAL_TRANSPORT,1,1.4,17.46,4.27,3,SAFE,false
2026-10-01T10:03:11.000Z,SYNTHETIC_BENCHMARK,Scenario 4: Multi-Agent Convergence (2 AMRs + 2 Humans),AMR-02,Maintenance Tech,41.4,21.56,57.79,23.37,1.78,0.41,0.5,0.8,1,0.5,1,28,0.05,MATERIAL_TRANSPORT,1,1.4,16.49,4.12,3,SAFE,false
2026-10-01T10:03:12.000Z,SYNTHETIC_BENCHMARK,Scenario 4: Multi-Agent Convergence (2 AMRs + 2 Humans),AMR-01,Process Operator,40.02,20.61,57.81,23.49,1.88,1.03,0.5,0.8,1,0.5,1,28,0.05,MATERIAL_TRANSPORT,1,1.4,18.02,4.68,3,SAFE,false
2026-10-01T10:03:12.000Z,SYNTHETIC_BENCHMARK,Scenario 4: Multi-Agent Convergence (2 AMRs + 2 Humans),AMR-02,Maintenance Tech,42.19,24.61,57.58,25.35,0.9,0.7,0.5,0.8,1,0.5,1,28,0.05,MATERIAL_TRANSPORT,1,1.4,15.41,3.21,3,SAFE,false
2026-10-01T10:03:12.000Z,SYNTHETIC_BENCHMARK,Scenario 4: Multi-Agent Convergence (2 AMRs + 2 Humans),AMR-01,Process Operator,42.55,20.24,55.78,22.28,0.98,1.04,0.5,0.8,1,0.5,1,28,0.05,MATERIAL_TRANSPORT,1,1.4,13.39,3.55,3,SAFE,false
2026-10-01T10:03:12.000Z,SYNTHETIC_BENCHMARK,Scenario 4: Multi-Agent Convergence (2 AMRs + 2 Humans),AMR-02,Maintenance Tech,41.78,24.15,55.07,23.62,1.04,1.22,0.5,0.8,1,0.5,1,28,0.05,MATERIAL_TRANSPORT,1,1.4,13.3,3.75,3,SAFE,false
2026-10-01T10:03:12.000Z,SYNTHETIC_BENCHMARK,Scenario 4: Multi-Agent Convergence (2 AMRs + 2 Humans),AMR-01,Process Operator,42.56,23.02,56.12,22.71,1.62,0.47,0.5,0.8,1,0.5,1,28,0.05,MATERIAL_TRANSPORT,1,1.4,13.56,3.96,3,SAFE,false
2026-10-01T10:03:13.000Z,SYNTHETIC_BENCHMARK,Scenario 4: Multi-Agent Convergence (2 AMRs + 2 Humans),AMR-02,Maintenance Tech,43.53,23.51,55.6,24.86,1.65,1.56,0.5,0.8,1,0.5,1,28,0.05,MATERIAL_TRANSPORT,1,1.4,12.15,4.76,3,SAFE,false
2026-10-01T10:03:13.000Z,SYNTHETIC_BENCHMARK,Scenario 4: Multi-Agent Convergence (2 AMRs + 2 Humans),AMR-01,Process Operator,43.38,22.28,54.17,23.42,1.66,1.32,0.5,0.8,1,0.5,1,28,0.05,MATERIAL_TRANSPORT,1,1.4,10.85,4.61,3,SAFE,false
2026-10-01T10:03:13.000Z,SYNTHETIC_BENCHMARK,Scenario 4: Multi-Agent Convergence (2 AMRs + 2 Humans),AMR-02,Maintenance Tech,44.76,21.01,54.5,23.73,2.19,1.33,0.5,0.8,1,0.5,1,28,0.05,MATERIAL_TRANSPORT,1,1.4,10.11,5.28,3,SAFE,false
2026-10-01T10:03:13.000Z,SYNTHETIC_BENCHMARK,Scenario 4: Multi-Agent Convergence (2 AMRs + 2 Humans),AMR-01,Process Operator,44.35,21.36,53.25,23.1,2.18,0.79,0.5,0.8,1,0.5,1,28,0.05,MATERIAL_TRANSPORT,1,1.4,9.07,4.89,3,SAFE,false
2026-10-01T10:03:13.000Z,SYNTHETIC_BENCHMARK,Scenario 4: Multi-Agent Convergence (2 AMRs + 2 Humans),AMR-02,Maintenance Tech,44.81,24.99,53.1,22.89,2.15,1.31,0.5,0.8,1,0.5,1,28,0.05,MATERIAL_TRANSPORT,1,1.4,8.55,5.22,3,SAFE,false
2026-10-01T10:03:14.000Z,SYNTHETIC_BENCHMARK,Scenario 4: Multi-Agent Convergence (2 AMRs + 2 Humans),AMR-01,Process Operator,46.8,23.58,52.71,24.41,1.04,0.89,0.5,0.8,1,0.5,1,28,0.05,MATERIAL_TRANSPORT,1,1.4,5.97,3.52,3,SAFE,false
2026-10-01T10:03:14.000Z,SYNTHETIC_BENCHMARK,Scenario 4: Multi-Agent Convergence (2 AMRs + 2 Humans),AMR-02,Maintenance Tech,47,23.79,52.74,25.01,0.98,1.12,0.5,0.8,1,0.5,1,28,0.05,MATERIAL_TRANSPORT,1,1.4,5.87,3.61,3,SAFE,false
2026-10-01T10:03:14.000Z,SYNTHETIC_BENCHMARK,Scenario 4: Multi-Agent Convergence (2 AMRs + 2 Humans),AMR-01,Process Operator,46.07,22.28,51.86,22.02,0.91,1.21,0.5,0.8,1,0.5,1,28,0.05,MATERIAL_TRANSPORT,1,1.4,5.8,3.58,3,SAFE,false
2026-10-01T10:03:14.000Z,SYNTHETIC_BENCHMARK,Scenario 4: Multi-Agent Convergence (2 AMRs + 2 Humans),AMR-02,Maintenance Tech,46.67,20.73,52.75,24.77,1.35,1.55,0.5,0.8,1,0.5,1,28,0.05,MATERIAL_TRANSPORT,1,1.4,7.3,4.38,3,SAFE,false
2026-10-01T10:03:14.000Z,SYNTHETIC_BENCHMARK,Scenario 4: Multi-Agent Convergence (2 AMRs + 2 Humans),AMR-01,Process Operator,47.48,20.81,52.06,22.59,1.25,1.35,0.5,0.8,1,0.5,1,28,0.05,MATERIAL_TRANSPORT,1,1.4,4.91,4.11,3,SAFE,false
2026-10-01T10:03:15.000Z,SYNTHETIC_BENCHMARK,Scenario 4: Multi-Agent Convergence (2 AMRs + 2 Humans),AMR-02,Maintenance Tech,49.16,24.16,50.46,24.82,1.13,1,0.5,0.8,1,0.5,1,28,0.05,MATERIAL_TRANSPORT,1,1.4,1.46,3.71,3,UNSAFE,false
2026-10-01T10:03:15.000Z,SYNTHETIC_BENCHMARK,Scenario 4: Multi-Agent Convergence (2 AMRs + 2 Humans),AMR-01,Process Operator,48.38,22.47,50.62,24.79,1.53,0.91,0.5,0.8,1,0.5,1,28,0.05,MATERIAL_TRANSPORT,1,1.4,3.22,4.15,3,WARNING,false
2026-10-01T10:03:15.000Z,SYNTHETIC_BENCHMARK,Scenario 4: Multi-Agent Convergence (2 AMRs + 2 Humans),AMR-02,Maintenance Tech,49.8,22.41,49.21,23.83,1.38,1.48,0.5,0.8,1,0.5,1,28,0.05,MATERIAL_TRANSPORT,1,1.4,1.54,4.36,3,UNSAFE,false
2026-10-01T10:03:15.000Z,SYNTHETIC_BENCHMARK,Scenario 4: Multi-Agent Convergence (2 AMRs + 2 Humans),AMR-01,Process Operator,50.09,20.62,48.89,23.28,1.22,0.7,0.5,0.8,1,0.5,1,28,0.05,MATERIAL_TRANSPORT,1,1.4,2.92,3.62,3,WARNING,false
2026-10-01T10:03:15.000Z,SYNTHETIC_BENCHMARK,Scenario 4: Multi-Agent Convergence (2 AMRs + 2 Humans),AMR-02,Maintenance Tech,49.91,23.8,50.33,24.48,1.58,1.37,0.5,0.8,1,0.5,1,28,0.05,MATERIAL_TRANSPORT,1,1.4,0.8,4.54,3,EMERGENCY,false
2026-10-01T10:03:16.000Z,SYNTHETIC_BENCHMARK,Scenario 4: Multi-Agent Convergence (2 AMRs + 2 Humans),AMR-01,Process Operator,51.95,23.59,48.2,24.74,1.38,1.51,0.5,0.8,1,0.5,1,28,0.05,MATERIAL_TRANSPORT,1,1.4,3.92,4.39,3,WARNING,false
2026-10-01T10:03:16.000Z,SYNTHETIC_BENCHMARK,Scenario 4: Multi-Agent Convergence (2 AMRs + 2 Humans),AMR-02,Maintenance Tech,50.85,21.67,49.15,25.41,1.18,1.49,0.5,0.8,1,0.5,1,28,0.05,MATERIAL_TRANSPORT,1,1.4,4.11,4.12,3,WARNING,false
2026-10-01T10:03:16.000Z,SYNTHETIC_BENCHMARK,Scenario 4: Multi-Agent Convergence (2 AMRs + 2 Humans),AMR-01,Process Operator,51.29,24.7,47.87,23.83,1.49,0.54,0.5,0.8,1,0.5,1,28,0.05,MATERIAL_TRANSPORT,1,1.4,3.53,3.85,3,WARNING,false
2026-10-01T10:03:16.000Z,SYNTHETIC_BENCHMARK,Scenario 4: Multi-Agent Convergence (2 AMRs + 2 Humans),AMR-02,Maintenance Tech,51.93,24.35,47.02,25.32,1.25,1.43,0.5,0.8,1,0.5,1,28,0.05,MATERIAL_TRANSPORT,1,1.4,5,4.17,3,SAFE,false
2026-10-01T10:03:16.000Z,SYNTHETIC_BENCHMARK,Scenario 4: Multi-Agent Convergence (2 AMRs + 2 Humans),AMR-01,Process Operator,53.44,22.3,47.25,23.21,1,0.99,0.5,0.8,1,0.5,1,28,0.05,MATERIAL_TRANSPORT,1,1.4,6.26,3.54,3,SAFE,false
2026-10-01T10:03:17.000Z,SYNTHETIC_BENCHMARK,Scenario 4: Multi-Agent Convergence (2 AMRs + 2 Humans),AMR-02,Maintenance Tech,54.49,20.19,47.25,22.85,1.27,0.8,0.5,0.8,1,0.5,1,28,0.05,MATERIAL_TRANSPORT,1,1.4,7.71,3.75,3,SAFE,false
2026-10-01T10:03:17.000Z,SYNTHETIC_BENCHMARK,Scenario 4: Multi-Agent Convergence (2 AMRs + 2 Humans),AMR-01,Process Operator,53.74,24.7,45.67,25.56,0.99,1.26,0.5,0.8,1,0.5,1,28,0.05,MATERIAL_TRANSPORT,1,1.4,8.12,3.72,3,SAFE,false
2026-10-01T10:03:17.000Z,SYNTHETIC_BENCHMARK,Scenario 4: Multi-Agent Convergence (2 AMRs + 2 Humans),AMR-02,Maintenance Tech,53.87,22.51,47.18,24.68,2.29,1.58,0.5,0.8,1,0.5,1,28,0.05,MATERIAL_TRANSPORT,1,1.4,7.03,5.58,3,SAFE,false
2026-10-01T10:03:17.000Z,SYNTHETIC_BENCHMARK,Scenario 4: Multi-Agent Convergence (2 AMRs + 2 Humans),AMR-01,Process Operator,55.53,20.26,46.46,25.54,0.91,0.96,0.5,0.8,1,0.5,1,28,0.05,MATERIAL_TRANSPORT,1,1.4,10.49,3.41,3,SAFE,false
2026-10-01T10:03:17.000Z,SYNTHETIC_BENCHMARK,Scenario 4: Multi-Agent Convergence (2 AMRs + 2 Humans),AMR-02,Maintenance Tech,55.39,24.64,46.16,25.47,2.19,0.99,0.5,0.8,1,0.5,1,28,0.05,MATERIAL_TRANSPORT,1,1.4,9.27,5.04,3,SAFE,false
2026-10-01T10:03:18.000Z,SYNTHETIC_BENCHMARK,Scenario 4: Multi-Agent Convergence (2 AMRs + 2 Humans),AMR-01,Process Operator,56.13,22.3,44.95,25.81,1.85,0.88,0.5,0.8,1,0.5,1,28,0.05,MATERIAL_TRANSPORT,1,1.4,11.72,4.54,3,SAFE,false
2026-10-01T10:03:18.000Z,SYNTHETIC_BENCHMARK,Scenario 4: Multi-Agent Convergence (2 AMRs + 2 Humans),AMR-02,Maintenance Tech,56.4,24.92,45.5,23.89,2.02,1.02,0.5,0.8,1,0.5,1,28,0.05,MATERIAL_TRANSPORT,1,1.4,10.95,4.85,3,SAFE,false
2026-10-01T10:03:18.000Z,SYNTHETIC_BENCHMARK,Scenario 4: Multi-Agent Convergence (2 AMRs + 2 Humans),AMR-01,Process Operator,56.88,24.15,44.47,25.05,1.65,0.62,0.5,0.8,1,0.5,1,28,0.05,MATERIAL_TRANSPORT,1,1.4,12.44,4.1,3,SAFE,false
2026-10-01T10:03:18.000Z,SYNTHETIC_BENCHMARK,Scenario 4: Multi-Agent Convergence (2 AMRs + 2 Humans),AMR-02,Maintenance Tech,58.22,21.68,44.54,22.61,1.27,1.27,0.5,0.8,1,0.5,1,28,0.05,MATERIAL_TRANSPORT,1,1.4,13.71,4.08,3,SAFE,false
2026-10-01T10:03:18.000Z,SYNTHETIC_BENCHMARK,Scenario 4: Multi-Agent Convergence (2 AMRs + 2 Humans),AMR-01,Process Operator,57.1,24.16,44.37,25.91,1.4,0.98,0.5,0.8,1,0.5,1,28,0.05,MATERIAL_TRANSPORT,1,1.4,12.85,4.04,3,SAFE,false
2026-10-01T10:03:19.000Z,SYNTHETIC_BENCHMARK,Scenario 4: Multi-Agent Convergence (2 AMRs + 2 Humans),AMR-02,Maintenance Tech,58.19,23.25,42.63,24.29,0.99,1.35,0.5,0.8,1,0.5,1,28,0.05,MATERIAL_TRANSPORT,1,1.4,15.59,3.78,3,SAFE,false
2026-10-01T10:03:19.000Z,SYNTHETIC_BENCHMARK,Scenario 4: Multi-Agent Convergence (2 AMRs + 2 Humans),AMR-01,Process Operator,58.15,20.64,41.98,23.07,2.16,1.57,0.5,0.8,1,0.5,1,28,0.05,MATERIAL_TRANSPORT,1,1.4,16.35,5.41,3,SAFE,false
2026-10-01T10:03:19.000Z,SYNTHETIC_BENCHMARK,Scenario 4: Multi-Agent Convergence (2 AMRs + 2 Humans),AMR-02,Maintenance Tech,59.64,22.98,43.08,23.6,2.25,0.85,0.5,0.8,1,0.5,1,28,0.05,MATERIAL_TRANSPORT,1,1.4,16.57,5.02,3,SAFE,false
2026-10-01T10:03:19.000Z,SYNTHETIC_BENCHMARK,Scenario 4: Multi-Agent Convergence (2 AMRs + 2 Humans),AMR-01,Process Operator,59.34,21.94,42.61,23.2,1.79,0.78,0.5,0.8,1,0.5,1,28,0.05,MATERIAL_TRANSPORT,1,1.4,16.78,4.39,3,SAFE,false
2026-10-01T10:03:19.000Z,SYNTHETIC_BENCHMARK,Scenario 4: Multi-Agent Convergence (2 AMRs + 2 Humans),AMR-02,Maintenance Tech,59.91,24.18,41.24,23.21,1.31,0.56,0.5,0.8,1,0.5,1,28,0.05,MATERIAL_TRANSPORT,1,1.4,18.7,3.63,3,SAFE,false
2026-10-01T10:03:20.000Z,SYNTHETIC_BENCHMARK,Scenario 4: Multi-Agent Convergence (2 AMRs + 2 Humans),AMR-01,Process Operator,60.01,21.38,41.62,24.95,1.36,0.61,0.5,0.8,1,0.5,1,28,0.05,MATERIAL_TRANSPORT,1,1.4,18.73,3.73,3,SAFE,false
2026-10-01T10:03:20.000Z,SYNTHETIC_BENCHMARK,Scenario 4: Multi-Agent Convergence (2 AMRs + 2 Humans),AMR-02,Maintenance Tech,62.32,20.2,40.43,25.77,0.86,1.31,0.5,0.8,1,0.5,1,28,0.05,MATERIAL_TRANSPORT,1,1.4,22.59,3.59,3,SAFE,false
2026-10-01T10:03:20.000Z,SYNTHETIC_BENCHMARK,Scenario 4: Multi-Agent Convergence (2 AMRs + 2 Humans),AMR-01,Process Operator,61.5,22.31,40.34,23,1.94,0.66,0.5,0.8,1,0.5,1,28,0.05,MATERIAL_TRANSPORT,1,1.4,21.17,4.5,3,SAFE,false
2026-10-01T10:03:20.000Z,SYNTHETIC_BENCHMARK,Scenario 4: Multi-Agent Convergence (2 AMRs + 2 Humans),AMR-02,Maintenance Tech,62.22,24.37,40,25.97,1.94,1.47,0.5,0.8,1,0.5,1,28,0.05,MATERIAL_TRANSPORT,1,1.4,22.28,5.06,3,SAFE,false
2026-10-01T10:03:20.000Z,SYNTHETIC_BENCHMARK,Scenario 4: Multi-Agent Convergence (2 AMRs + 2 Humans),AMR-01,Process Operator,63.14,23.05,40.09,24.02,1.39,0.53,0.5,0.8,1,0.5,1,28,0.05,MATERIAL_TRANSPORT,1,1.4,23.07,3.71,3,SAFE,false
2026-10-01T10:03:21.000Z,SYNTHETIC_BENCHMARK,Scenario 4: Multi-Agent Convergence (2 AMRs + 2 Humans),AMR-02,Maintenance Tech,62.93,20.02,39.27,22.47,0.83,0.65,0.5,0.8,1,0.5,1,28,0.05,MATERIAL_TRANSPORT,1,1.4,23.79,3.09,3,SAFE,false
2026-10-01T10:03:21.000Z,SYNTHETIC_BENCHMARK,Scenario 4: Multi-Agent Convergence (2 AMRs + 2 Humans),AMR-01,Process Operator,64.26,21.95,38.21,22.66,2.38,1.03,0.5,0.8,1,0.5,1,28,0.05,MATERIAL_TRANSPORT,1,1.4,26.06,5.31,3,SAFE,false
2026-10-01T10:03:21.000Z,SYNTHETIC_BENCHMARK,Scenario 4: Multi-Agent Convergence (2 AMRs + 2 Humans),AMR-02,Maintenance Tech,63.79,20.49,37.57,25.93,1.79,0.86,0.5,0.8,1,0.5,1,28,0.05,MATERIAL_TRANSPORT,1,1.4,26.78,4.45,3,SAFE,false
2026-10-01T10:03:21.000Z,SYNTHETIC_BENCHMARK,Scenario 4: Multi-Agent Convergence (2 AMRs + 2 Humans),AMR-01,Process Operator,64.19,22.32,38.03,25.6,1.18,0.55,0.5,0.8,1,0.5,1,28,0.05,MATERIAL_TRANSPORT,1,1.4,26.36,3.46,3,SAFE,false
2026-10-01T10:03:21.000Z,SYNTHETIC_BENCHMARK,Scenario 4: Multi-Agent Convergence (2 AMRs + 2 Humans),AMR-02,Maintenance Tech,66.13,24.1,38.25,23.02,1.1,0.49,0.5,0.8,1,0.5,1,28,0.05,MATERIAL_TRANSPORT,1,1.4,27.9,3.32,3,SAFE,false
2026-10-01T10:03:22.000Z,SYNTHETIC_BENCHMARK,Scenario 4: Multi-Agent Convergence (2 AMRs + 2 Humans),AMR-01,Process Operator,66.27,22.5,36.89,23.5,2.06,1.09,0.5,0.8,1,0.5,1,28,0.05,MATERIAL_TRANSPORT,1,1.4,29.4,4.95,3,SAFE,false
2026-10-01T10:03:22.000Z,SYNTHETIC_BENCHMARK,Scenario 4: Multi-Agent Convergence (2 AMRs + 2 Humans),AMR-02,Maintenance Tech,67.28,24.19,36.63,24.4,1.41,1.54,0.5,0.8,1,0.5,1,28,0.05,MATERIAL_TRANSPORT,1,1.4,30.65,4.44,3,SAFE,false
2026-10-01T10:03:22.000Z,SYNTHETIC_BENCHMARK,Scenario 4: Multi-Agent Convergence (2 AMRs + 2 Humans),AMR-01,Process Operator,67.83,20.84,36.12,23.04,1.27,1.05,0.5,0.8,1,0.5,1,28,0.05,MATERIAL_TRANSPORT,1,1.4,31.79,3.93,3,SAFE,false
2026-10-01T10:03:22.000Z,SYNTHETIC_BENCHMARK,Scenario 4: Multi-Agent Convergence (2 AMRs + 2 Humans),AMR-02,Maintenance Tech,66.59,24.1,36.05,24.75,2.19,1.22,0.5,0.8,1,0.5,1,28,0.05,MATERIAL_TRANSPORT,1,1.4,30.55,5.2,3,SAFE,false
2026-10-01T10:03:22.000Z,SYNTHETIC_BENCHMARK,Scenario 4: Multi-Agent Convergence (2 AMRs + 2 Humans),AMR-01,Process Operator,68.21,20.66,35.06,22.86,1.5,1.24,0.5,0.8,1,0.5,1,28,0.05,MATERIAL_TRANSPORT,1,1.4,33.22,4.35,3,SAFE,false
2026-10-01T10:03:23.000Z,SYNTHETIC_BENCHMARK,Scenario 4: Multi-Agent Convergence (2 AMRs + 2 Humans),AMR-02,Maintenance Tech,69.37,22.16,35.83,22.72,1.32,1.52,0.5,0.8,1,0.5,1,28,0.05,MATERIAL_TRANSPORT,1,1.4,33.54,4.32,3,SAFE,false
2026-10-01T10:03:23.000Z,SYNTHETIC_BENCHMARK,Scenario 4: Multi-Agent Convergence (2 AMRs + 2 Humans),AMR-01,Process Operator,68.74,20.29,35.03,25.66,2.19,1.25,0.5,0.8,1,0.5,1,28,0.05,MATERIAL_TRANSPORT,1,1.4,34.14,5.22,3,SAFE,false
2026-10-01T10:03:23.000Z,SYNTHETIC_BENCHMARK,Scenario 4: Multi-Agent Convergence (2 AMRs + 2 Humans),AMR-02,Maintenance Tech,68.97,21.7,33.32,25,1.45,0.83,0.5,0.8,1,0.5,1,28,0.05,MATERIAL_TRANSPORT,1,1.4,35.8,4,3,SAFE,false
2026-10-01T10:03:23.000Z,SYNTHETIC_BENCHMARK,Scenario 4: Multi-Agent Convergence (2 AMRs + 2 Humans),AMR-01,Process Operator,70.74,23.07,33.37,22.08,1.23,0.68,0.5,0.8,1,0.5,1,28,0.05,MATERIAL_TRANSPORT,1,1.4,37.38,3.62,3,SAFE,false
2026-10-01T10:03:23.000Z,SYNTHETIC_BENCHMARK,Scenario 4: Multi-Agent Convergence (2 AMRs + 2 Humans),AMR-02,Maintenance Tech,70.72,21.05,33.85,22.23,2.06,1.18,0.5,0.8,1,0.5,1,28,0.05,MATERIAL_TRANSPORT,1,1.4,36.89,5.01,3,SAFE,false
2026-10-01T10:04:00.000Z,SYNTHETIC_BENCHMARK,Scenario 5: Chemical Washdown Wet Corridor (μ=0.65),AMR-01,Process Operator,11.56,22.33,81.42,22.79,1.28,1.53,0.5,0.8,1,0.5,0.65,32,0.15,MATERIAL_TRANSPORT,1,1.3,69.86,4.97,3,SAFE,false
2026-10-01T10:04:00.000Z,SYNTHETIC_BENCHMARK,Scenario 5: Chemical Washdown Wet Corridor (μ=0.65),AMR-01,Process Operator,11.95,23.56,80.75,25.1,1.01,0.94,0.5,0.8,1,0.5,0.65,32,0.15,MATERIAL_TRANSPORT,1,1.3,68.82,4.12,3,SAFE,false
2026-10-01T10:04:00.000Z,SYNTHETIC_BENCHMARK,Scenario 5: Chemical Washdown Wet Corridor (μ=0.65),AMR-01,Process Operator,12.53,21.4,80.5,22.48,1.8,1,0.5,0.8,1,0.5,0.65,32,0.15,MATERIAL_TRANSPORT,1,1.3,67.98,5.52,3,SAFE,false
2026-10-01T10:04:00.000Z,SYNTHETIC_BENCHMARK,Scenario 5: Chemical Washdown Wet Corridor (μ=0.65),AMR-01,Process Operator,11.99,22.54,79.35,24.26,0.97,0.92,0.5,0.8,1,0.5,0.65,32,0.15,MATERIAL_TRANSPORT,1,1.3,67.38,4.04,3,SAFE,false
2026-10-01T10:04:00.000Z,SYNTHETIC_BENCHMARK,Scenario 5: Chemical Washdown Wet Corridor (μ=0.65),AMR-01,Process Operator,12.99,23.63,79.96,23.79,2.26,1.1,0.5,0.8,1,0.5,0.65,32,0.15,MATERIAL_TRANSPORT,1,1.3,66.97,6.38,3,SAFE,false
2026-10-01T10:04:01.000Z,SYNTHETIC_BENCHMARK,Scenario 5: Chemical Washdown Wet Corridor (μ=0.65),AMR-01,Process Operator,14.18,21.34,78.99,22.38,1.4,0.73,0.5,0.8,1,0.5,0.65,32,0.15,MATERIAL_TRANSPORT,1,1.3,64.82,4.66,3,SAFE,false
2026-10-01T10:04:01.000Z,SYNTHETIC_BENCHMARK,Scenario 5: Chemical Washdown Wet Corridor (μ=0.65),AMR-01,Process Operator,14.25,22.33,79.12,25.39,2.12,1.42,0.5,0.8,1,0.5,0.65,32,0.15,MATERIAL_TRANSPORT,1,1.3,64.94,6.35,3,SAFE,false
2026-10-01T10:04:01.000Z,SYNTHETIC_BENCHMARK,Scenario 5: Chemical Washdown Wet Corridor (μ=0.65),AMR-01,Process Operator,13.86,23.28,79,22.14,1.77,1.16,0.5,0.8,1,0.5,0.65,32,0.15,MATERIAL_TRANSPORT,1,1.3,65.15,5.58,3,SAFE,false
2026-10-01T10:04:01.000Z,SYNTHETIC_BENCHMARK,Scenario 5: Chemical Washdown Wet Corridor (μ=0.65),AMR-01,Process Operator,15.67,20.85,77.31,25.96,0.86,1.56,0.5,0.8,1,0.5,0.65,32,0.15,MATERIAL_TRANSPORT,1,1.3,61.85,4.26,3,SAFE,false
2026-10-01T10:04:01.000Z,SYNTHETIC_BENCHMARK,Scenario 5: Chemical Washdown Wet Corridor (μ=0.65),AMR-01,Process Operator,16.35,21.71,76.71,22.19,1.55,0.61,0.5,0.8,1,0.5,0.65,32,0.15,MATERIAL_TRANSPORT,1,1.3,60.36,4.84,3,SAFE,false
2026-10-01T10:04:02.000Z,SYNTHETIC_BENCHMARK,Scenario 5: Chemical Washdown Wet Corridor (μ=0.65),AMR-01,Process Operator,16.56,22.52,77.87,24.16,1.15,1.12,0.5,0.8,1,0.5,0.65,32,0.15,MATERIAL_TRANSPORT,1,1.3,61.33,4.48,3,SAFE,false
2026-10-01T10:04:02.000Z,SYNTHETIC_BENCHMARK,Scenario 5: Chemical Washdown Wet Corridor (μ=0.65),AMR-01,Process Operator,16.98,24.95,77.46,25.2,1.8,1.09,0.5,0.8,1,0.5,0.65,32,0.15,MATERIAL_TRANSPORT,1,1.3,60.48,5.58,3,SAFE,false
2026-10-01T10:04:02.000Z,SYNTHETIC_BENCHMARK,Scenario 5: Chemical Washdown Wet Corridor (μ=0.65),AMR-01,Process Operator,16.27,20.67,76.14,22.66,0.84,0.91,0.5,0.8,1,0.5,0.65,32,0.15,MATERIAL_TRANSPORT,1,1.3,59.9,3.8,3,SAFE,false
2026-10-01T10:04:02.000Z,SYNTHETIC_BENCHMARK,Scenario 5: Chemical Washdown Wet Corridor (μ=0.65),AMR-01,Process Operator,17.1,21.34,76.58,25.85,1.99,0.99,0.5,0.8,1,0.5,0.65,32,0.15,MATERIAL_TRANSPORT,1,1.3,59.65,5.85,3,SAFE,false
2026-10-01T10:04:02.000Z,SYNTHETIC_BENCHMARK,Scenario 5: Chemical Washdown Wet Corridor (μ=0.65),AMR-01,Process Operator,18.13,23.64,75.45,24.11,1,0.52,0.5,0.8,1,0.5,0.65,32,0.15,MATERIAL_TRANSPORT,1,1.3,57.32,3.83,3,SAFE,false
2026-10-01T10:04:03.000Z,SYNTHETIC_BENCHMARK,Scenario 5: Chemical Washdown Wet Corridor (μ=0.65),AMR-01,Process Operator,18.03,24.22,75.41,22.79,1.59,1.11,0.5,0.8,1,0.5,0.65,32,0.15,MATERIAL_TRANSPORT,1,1.3,57.4,5.23,3,SAFE,false
2026-10-01T10:04:03.000Z,SYNTHETIC_BENCHMARK,Scenario 5: Chemical Washdown Wet Corridor (μ=0.65),AMR-01,Process Operator,19.47,24.75,75.13,23.2,1.1,0.75,0.5,0.8,1,0.5,0.65,32,0.15,MATERIAL_TRANSPORT,1,1.3,55.68,4.15,3,SAFE,false
2026-10-01T10:04:03.000Z,SYNTHETIC_BENCHMARK,Scenario 5: Chemical Washdown Wet Corridor (μ=0.65),AMR-01,Process Operator,19.11,21.9,73.27,22.69,1.67,1.05,0.5,0.8,1,0.5,0.65,32,0.15,MATERIAL_TRANSPORT,1,1.3,54.17,5.33,3,SAFE,false
2026-10-01T10:04:03.000Z,SYNTHETIC_BENCHMARK,Scenario 5: Chemical Washdown Wet Corridor (μ=0.65),AMR-01,Process Operator,19.63,22.34,74.5,22.59,2.21,1.2,0.5,0.8,1,0.5,0.65,32,0.15,MATERIAL_TRANSPORT,1,1.3,54.87,6.36,3,SAFE,false
2026-10-01T10:04:03.000Z,SYNTHETIC_BENCHMARK,Scenario 5: Chemical Washdown Wet Corridor (μ=0.65),AMR-01,Process Operator,19.68,22.74,73.5,24.22,1.68,0.41,0.5,0.8,1,0.5,0.65,32,0.15,MATERIAL_TRANSPORT,1,1.3,53.84,4.93,3,SAFE,false
2026-10-01T10:04:04.000Z,SYNTHETIC_BENCHMARK,Scenario 5: Chemical Washdown Wet Corridor (μ=0.65),AMR-01,Process Operator,21.93,24.75,72.92,24.93,2.2,1.47,0.5,0.8,1,0.5,0.65,32,0.15,MATERIAL_TRANSPORT,1,1.3,50.99,6.52,3,SAFE,false
2026-10-01T10:04:04.000Z,SYNTHETIC_BENCHMARK,Scenario 5: Chemical Washdown Wet Corridor (μ=0.65),AMR-01,Process Operator,21.05,20.06,73.44,22.05,1.1,1.2,0.5,0.8,1,0.5,0.65,32,0.15,MATERIAL_TRANSPORT,1,1.3,52.43,4.44,3,SAFE,false
2026-10-01T10:04:04.000Z,SYNTHETIC_BENCHMARK,Scenario 5: Chemical Washdown Wet Corridor (μ=0.65),AMR-01,Process Operator,21.71,20.31,71.71,24.91,2.13,1.17,0.5,0.8,1,0.5,0.65,32,0.15,MATERIAL_TRANSPORT,1,1.3,50.21,6.21,3,SAFE,false
2026-10-01T10:04:04.000Z,SYNTHETIC_BENCHMARK,Scenario 5: Chemical Washdown Wet Corridor (μ=0.65),AMR-01,Process Operator,22.58,22.19,72.41,22.84,1,0.6,0.5,0.8,1,0.5,0.65,32,0.15,MATERIAL_TRANSPORT,1,1.3,49.83,3.88,3,SAFE,false
2026-10-01T10:04:04.000Z,SYNTHETIC_BENCHMARK,Scenario 5: Chemical Washdown Wet Corridor (μ=0.65),AMR-01,Process Operator,22.31,22.35,72.2,25.18,1.46,1.09,0.5,0.8,1,0.5,0.65,32,0.15,MATERIAL_TRANSPORT,1,1.3,49.97,4.99,3,SAFE,false
2026-10-01T10:04:05.000Z,SYNTHETIC_BENCHMARK,Scenario 5: Chemical Washdown Wet Corridor (μ=0.65),AMR-01,Process Operator,23.59,22.47,71.75,25.26,0.84,0.63,0.5,0.8,1,0.5,0.65,32,0.15,MATERIAL_TRANSPORT,1,1.3,48.24,3.62,3,SAFE,false
2026-10-01T10:04:05.000Z,SYNTHETIC_BENCHMARK,Scenario 5: Chemical Washdown Wet Corridor (μ=0.65),AMR-01,Process Operator,23.06,24.2,69.73,24.42,1.27,0.83,0.5,0.8,1,0.5,0.65,32,0.15,MATERIAL_TRANSPORT,1,1.3,46.67,4.5,3,SAFE,false
2026-10-01T10:04:05.000Z,SYNTHETIC_BENCHMARK,Scenario 5: Chemical Washdown Wet Corridor (μ=0.65),AMR-01,Process Operator,25.41,24.23,70.8,23.98,1.68,0.89,0.5,0.8,1,0.5,0.65,32,0.15,MATERIAL_TRANSPORT,1,1.3,45.39,5.24,3,SAFE,false
2026-10-01T10:04:05.000Z,SYNTHETIC_BENCHMARK,Scenario 5: Chemical Washdown Wet Corridor (μ=0.65),AMR-01,Process Operator,25.29,24.21,69.63,25.28,1.02,1.19,0.5,0.8,1,0.5,0.65,32,0.15,MATERIAL_TRANSPORT,1,1.3,44.35,4.3,3,SAFE,false
2026-10-01T10:04:05.000Z,SYNTHETIC_BENCHMARK,Scenario 5: Chemical Washdown Wet Corridor (μ=0.65),AMR-01,Process Operator,25.38,20.8,68.88,25.66,1.4,0.96,0.5,0.8,1,0.5,0.65,32,0.15,MATERIAL_TRANSPORT,1,1.3,43.77,4.81,3,SAFE,false
2026-10-01T10:04:06.000Z,SYNTHETIC_BENCHMARK,Scenario 5: Chemical Washdown Wet Corridor (μ=0.65),AMR-01,Process Operator,26.33,20.69,69.23,22.45,1.77,0.58,0.5,0.8,1,0.5,0.65,32,0.15,MATERIAL_TRANSPORT,1,1.3,42.94,5.2,3,SAFE,false
2026-10-01T10:04:06.000Z,SYNTHETIC_BENCHMARK,Scenario 5: Chemical Washdown Wet Corridor (μ=0.65),AMR-01,Process Operator,26.83,20.53,69.33,24.97,1.06,0.46,0.5,0.8,1,0.5,0.65,32,0.15,MATERIAL_TRANSPORT,1,1.3,42.73,3.89,3,SAFE,false
2026-10-01T10:04:06.000Z,SYNTHETIC_BENCHMARK,Scenario 5: Chemical Washdown Wet Corridor (μ=0.65),AMR-01,Process Operator,27.53,21.99,67.87,22.57,1.4,0.99,0.5,0.8,1,0.5,0.65,32,0.15,MATERIAL_TRANSPORT,1,1.3,40.34,4.83,3,SAFE,false
2026-10-01T10:04:06.000Z,SYNTHETIC_BENCHMARK,Scenario 5: Chemical Washdown Wet Corridor (μ=0.65),AMR-01,Process Operator,27.1,21.73,67.49,24.58,1.73,1.38,0.5,0.8,1,0.5,0.65,32,0.15,MATERIAL_TRANSPORT,1,1.3,40.49,5.65,3,SAFE,false
2026-10-01T10:04:06.000Z,SYNTHETIC_BENCHMARK,Scenario 5: Chemical Washdown Wet Corridor (μ=0.65),AMR-01,Process Operator,28.2,21.43,66.88,24.33,0.97,0.82,0.5,0.8,1,0.5,0.65,32,0.15,MATERIAL_TRANSPORT,1,1.3,38.79,3.97,3,SAFE,false
2026-10-01T10:04:07.000Z,SYNTHETIC_BENCHMARK,Scenario 5: Chemical Washdown Wet Corridor (μ=0.65),AMR-01,Process Operator,27.51,22.75,66.69,23.15,1.27,0.92,0.5,0.8,1,0.5,0.65,32,0.15,MATERIAL_TRANSPORT,1,1.3,39.18,4.56,3,SAFE,false
2026-10-01T10:04:07.000Z,SYNTHETIC_BENCHMARK,Scenario 5: Chemical Washdown Wet Corridor (μ=0.65),AMR-01,Process Operator,29.69,22.36,67.59,22.38,1.55,0.87,0.5,0.8,1,0.5,0.65,32,0.15,MATERIAL_TRANSPORT,1,1.3,37.9,5.01,3,SAFE,false
2026-10-01T10:04:07.000Z,SYNTHETIC_BENCHMARK,Scenario 5: Chemical Washdown Wet Corridor (μ=0.65),AMR-01,Process Operator,29.41,21.92,66.25,23.35,2.35,1.08,0.5,0.8,1,0.5,0.65,32,0.15,MATERIAL_TRANSPORT,1,1.3,36.87,6.53,3,SAFE,false
2026-10-01T10:04:07.000Z,SYNTHETIC_BENCHMARK,Scenario 5: Chemical Washdown Wet Corridor (μ=0.65),AMR-01,Process Operator,29.33,23.1,65.34,23.39,1.01,0.75,0.5,0.8,1,0.5,0.65,32,0.15,MATERIAL_TRANSPORT,1,1.3,36.01,3.99,3,SAFE,false
2026-10-01T10:04:07.000Z,SYNTHETIC_BENCHMARK,Scenario 5: Chemical Washdown Wet Corridor (μ=0.65),AMR-01,Process Operator,30.12,22.57,65.52,23.84,1.24,1.47,0.5,0.8,1,0.5,0.65,32,0.15,MATERIAL_TRANSPORT,1,1.3,35.42,4.86,3,SAFE,false
2026-10-01T10:04:08.000Z,SYNTHETIC_BENCHMARK,Scenario 5: Chemical Washdown Wet Corridor (μ=0.65),AMR-01,Process Operator,30.44,21.99,65.46,22.03,2,1.24,0.5,0.8,1,0.5,0.65,32,0.15,MATERIAL_TRANSPORT,1,1.3,35.02,6.03,3,SAFE,false
2026-10-01T10:04:08.000Z,SYNTHETIC_BENCHMARK,Scenario 5: Chemical Washdown Wet Corridor (μ=0.65),AMR-01,Process Operator,30.97,23.04,63.83,23.3,2.21,0.47,0.5,0.8,1,0.5,0.65,32,0.15,MATERIAL_TRANSPORT,1,1.3,32.86,5.89,3,SAFE,false
2026-10-01T10:04:08.000Z,SYNTHETIC_BENCHMARK,Scenario 5: Chemical Washdown Wet Corridor (μ=0.65),AMR-01,Process Operator,32.38,22.37,63.28,24.97,2.4,0.76,0.5,0.8,1,0.5,0.65,32,0.15,MATERIAL_TRANSPORT,1,1.3,31.01,6.41,3,SAFE,false
2026-10-01T10:04:08.000Z,SYNTHETIC_BENCHMARK,Scenario 5: Chemical Washdown Wet Corridor (μ=0.65),AMR-01,Process Operator,33.31,21.65,64.5,24.39,1.51,1.3,0.5,0.8,1,0.5,0.65,32,0.15,MATERIAL_TRANSPORT,1,1.3,31.31,5.22,3,SAFE,false
2026-10-01T10:04:08.000Z,SYNTHETIC_BENCHMARK,Scenario 5: Chemical Washdown Wet Corridor (μ=0.65),AMR-01,Process Operator,32.46,22.55,64.15,22.88,1.67,1.3,0.5,0.8,1,0.5,0.65,32,0.15,MATERIAL_TRANSPORT,1,1.3,31.69,5.49,3,SAFE,false
2026-10-01T10:04:09.000Z,SYNTHETIC_BENCHMARK,Scenario 5: Chemical Washdown Wet Corridor (μ=0.65),AMR-01,Process Operator,34.47,21.74,62.88,25.77,1.82,1.16,0.5,0.8,1,0.5,0.65,32,0.15,MATERIAL_TRANSPORT,1,1.3,28.69,5.66,3,SAFE,false
2026-10-01T10:04:09.000Z,SYNTHETIC_BENCHMARK,Scenario 5: Chemical Washdown Wet Corridor (μ=0.65),AMR-01,Process Operator,34.02,20.89,63.38,22.41,0.89,1.27,0.5,0.8,1,0.5,0.65,32,0.15,MATERIAL_TRANSPORT,1,1.3,29.4,4.13,3,SAFE,false
2026-10-01T10:04:09.000Z,SYNTHETIC_BENCHMARK,Scenario 5: Chemical Washdown Wet Corridor (μ=0.65),AMR-01,Process Operator,33.77,21.65,62.3,22.12,1.01,0.83,0.5,0.8,1,0.5,0.65,32,0.15,MATERIAL_TRANSPORT,1,1.3,28.53,4.05,3,SAFE,false
2026-10-01T10:04:09.000Z,SYNTHETIC_BENCHMARK,Scenario 5: Chemical Washdown Wet Corridor (μ=0.65),AMR-01,Process Operator,34.4,20.7,62.31,22.24,1.11,1.45,0.5,0.8,1,0.5,0.65,32,0.15,MATERIAL_TRANSPORT,1,1.3,27.95,4.62,3,SAFE,false
2026-10-01T10:04:09.000Z,SYNTHETIC_BENCHMARK,Scenario 5: Chemical Washdown Wet Corridor (μ=0.65),AMR-01,Process Operator,34.56,24.71,62.09,24.1,1.73,1.13,0.5,0.8,1,0.5,0.65,32,0.15,MATERIAL_TRANSPORT,1,1.3,27.54,5.49,3,SAFE,false
2026-10-01T10:04:10.000Z,SYNTHETIC_BENCHMARK,Scenario 5: Chemical Washdown Wet Corridor (μ=0.65),AMR-01,Process Operator,36.92,20.34,60.28,25.03,1.81,1.46,0.5,0.8,1,0.5,0.65,32,0.15,MATERIAL_TRANSPORT,1,1.3,23.83,5.84,3,SAFE,false
2026-10-01T10:04:10.000Z,SYNTHETIC_BENCHMARK,Scenario 5: Chemical Washdown Wet Corridor (μ=0.65),AMR-01,Process Operator,36.16,24.25,61.58,22.37,1.87,0.45,0.5,0.8,1,0.5,0.65,32,0.15,MATERIAL_TRANSPORT,1,1.3,25.49,5.29,3,SAFE,false
2026-10-01T10:04:10.000Z,SYNTHETIC_BENCHMARK,Scenario 5: Chemical Washdown Wet Corridor (μ=0.65),AMR-01,Process Operator,36.93,23.12,60.63,25.45,0.85,0.89,0.5,0.8,1,0.5,0.65,32,0.15,MATERIAL_TRANSPORT,1,1.3,23.81,3.81,3,SAFE,false
2026-10-01T10:04:10.000Z,SYNTHETIC_BENCHMARK,Scenario 5: Chemical Washdown Wet Corridor (μ=0.65),AMR-01,Process Operator,37.9,23.6,60.1,23.6,0.88,0.79,0.5,0.8,1,0.5,0.65,32,0.15,MATERIAL_TRANSPORT,1,1.3,22.2,3.8,3,SAFE,false
2026-10-01T10:04:10.000Z,SYNTHETIC_BENCHMARK,Scenario 5: Chemical Washdown Wet Corridor (μ=0.65),AMR-01,Process Operator,37.75,22.38,58.67,22.17,0.89,0.54,0.5,0.8,1,0.5,0.65,32,0.15,MATERIAL_TRANSPORT,1,1.3,20.92,3.65,3,SAFE,false
2026-10-01T10:04:11.000Z,SYNTHETIC_BENCHMARK,Scenario 5: Chemical Washdown Wet Corridor (μ=0.65),AMR-01,Process Operator,39.13,21.1,59,22.47,1.43,0.55,0.5,0.8,1,0.5,0.65,32,0.15,MATERIAL_TRANSPORT,1,1.3,19.92,4.59,3,SAFE,false
2026-10-01T10:04:11.000Z,SYNTHETIC_BENCHMARK,Scenario 5: Chemical Washdown Wet Corridor (μ=0.65),AMR-01,Process Operator,38.72,21.45,57.76,25.85,1.41,1.22,0.5,0.8,1,0.5,0.65,32,0.15,MATERIAL_TRANSPORT,1,1.3,19.54,4.99,3,SAFE,false
2026-10-01T10:04:11.000Z,SYNTHETIC_BENCHMARK,Scenario 5: Chemical Washdown Wet Corridor (μ=0.65),AMR-01,Process Operator,39.18,20.09,57.6,25.63,1.38,0.54,0.5,0.8,1,0.5,0.65,32,0.15,MATERIAL_TRANSPORT,1,1.3,19.24,4.5,3,SAFE,false
2026-10-01T10:04:11.000Z,SYNTHETIC_BENCHMARK,Scenario 5: Chemical Washdown Wet Corridor (μ=0.65),AMR-01,Process Operator,39.17,23.68,57.21,23.16,1.87,1.31,0.5,0.8,1,0.5,0.65,32,0.15,MATERIAL_TRANSPORT,1,1.3,18.05,5.85,3,SAFE,false
2026-10-01T10:04:11.000Z,SYNTHETIC_BENCHMARK,Scenario 5: Chemical Washdown Wet Corridor (μ=0.65),AMR-01,Process Operator,41.37,23.89,57.24,23.76,1.81,1.54,0.5,0.8,1,0.5,0.65,32,0.15,MATERIAL_TRANSPORT,1,1.3,15.87,5.89,3,SAFE,false
2026-10-01T10:04:12.000Z,SYNTHETIC_BENCHMARK,Scenario 5: Chemical Washdown Wet Corridor (μ=0.65),AMR-01,Process Operator,40.44,22.38,56.37,24.76,1.74,0.43,0.5,0.8,1,0.5,0.65,32,0.15,MATERIAL_TRANSPORT,1,1.3,16.11,5.05,3,SAFE,false
2026-10-01T10:04:12.000Z,SYNTHETIC_BENCHMARK,Scenario 5: Chemical Washdown Wet Corridor (μ=0.65),AMR-01,Process Operator,41.04,20.83,57.25,23.51,2.18,0.77,0.5,0.8,1,0.5,0.65,32,0.15,MATERIAL_TRANSPORT,1,1.3,16.43,6.03,3,SAFE,false
2026-10-01T10:04:12.000Z,SYNTHETIC_BENCHMARK,Scenario 5: Chemical Washdown Wet Corridor (μ=0.65),AMR-01,Process Operator,41.85,20.9,56.56,25.33,2.08,0.57,0.5,0.8,1,0.5,0.65,32,0.15,MATERIAL_TRANSPORT,1,1.3,15.36,5.73,3,SAFE,false
2026-10-01T10:04:12.000Z,SYNTHETIC_BENCHMARK,Scenario 5: Chemical Washdown Wet Corridor (μ=0.65),AMR-01,Process Operator,41.53,24.26,54.97,23.56,1.96,1.43,0.5,0.8,1,0.5,0.65,32,0.15,MATERIAL_TRANSPORT,1,1.3,13.46,6.08,3,SAFE,false
2026-10-01T10:04:12.000Z,SYNTHETIC_BENCHMARK,Scenario 5: Chemical Washdown Wet Corridor (μ=0.65),AMR-01,Process Operator,42.75,22.57,55.13,23.53,2.36,1.34,0.5,0.8,1,0.5,0.65,32,0.15,MATERIAL_TRANSPORT,1,1.3,12.42,6.71,3,SAFE,false
2026-10-01T10:04:13.000Z,SYNTHETIC_BENCHMARK,Scenario 5: Chemical Washdown Wet Corridor (μ=0.65),AMR-01,Process Operator,44.17,22.5,55.72,22.58,2.21,0.7,0.5,0.8,1,0.5,0.65,32,0.15,MATERIAL_TRANSPORT,1,1.3,11.55,6.04,3,SAFE,false
2026-10-01T10:04:13.000Z,SYNTHETIC_BENCHMARK,Scenario 5: Chemical Washdown Wet Corridor (μ=0.65),AMR-01,Process Operator,44.46,20.72,55.4,22.03,2.05,1.12,0.5,0.8,1,0.5,0.65,32,0.15,MATERIAL_TRANSPORT,1,1.3,11.02,6.03,3,SAFE,false
2026-10-01T10:04:13.000Z,SYNTHETIC_BENCHMARK,Scenario 5: Chemical Washdown Wet Corridor (μ=0.65),AMR-01,Process Operator,44.29,23.89,54.84,23.22,0.81,0.6,0.5,0.8,1,0.5,0.65,32,0.15,MATERIAL_TRANSPORT,1,1.3,10.57,3.55,3,SAFE,false
2026-10-01T10:04:13.000Z,SYNTHETIC_BENCHMARK,Scenario 5: Chemical Washdown Wet Corridor (μ=0.65),AMR-01,Process Operator,44.32,23.69,54.7,23.49,2.21,0.73,0.5,0.8,1,0.5,0.65,32,0.15,MATERIAL_TRANSPORT,1,1.3,10.38,6.06,3,SAFE,false
2026-10-01T10:04:13.000Z,SYNTHETIC_BENCHMARK,Scenario 5: Chemical Washdown Wet Corridor (μ=0.65),AMR-01,Process Operator,45.22,21.77,53.66,24.16,2.01,0.72,0.5,0.8,1,0.5,0.65,32,0.15,MATERIAL_TRANSPORT,1,1.3,8.77,5.71,3,SAFE,false
2026-10-01T10:04:14.000Z,SYNTHETIC_BENCHMARK,Scenario 5: Chemical Washdown Wet Corridor (μ=0.65),AMR-01,Process Operator,45.66,24.8,52.38,22.57,2.32,0.96,0.5,0.8,1,0.5,0.65,32,0.15,MATERIAL_TRANSPORT,1,1.3,7.08,6.4,3,SAFE,false
2026-10-01T10:04:14.000Z,SYNTHETIC_BENCHMARK,Scenario 5: Chemical Washdown Wet Corridor (μ=0.65),AMR-01,Process Operator,46.3,24.45,53.52,24.06,2.08,0.66,0.5,0.8,1,0.5,0.65,32,0.15,MATERIAL_TRANSPORT,1,1.3,7.23,5.79,3,SAFE,false
2026-10-01T10:04:14.000Z,SYNTHETIC_BENCHMARK,Scenario 5: Chemical Washdown Wet Corridor (μ=0.65),AMR-01,Process Operator,47.81,22.39,51.76,25.96,1.83,1.41,0.5,0.8,1,0.5,0.65,32,0.15,MATERIAL_TRANSPORT,1,1.3,5.32,5.84,3,WARNING,false
2026-10-01T10:04:14.000Z,SYNTHETIC_BENCHMARK,Scenario 5: Chemical Washdown Wet Corridor (μ=0.65),AMR-01,Process Operator,46.86,20.29,51.75,25.59,2.1,1.22,0.5,0.8,1,0.5,0.65,32,0.15,MATERIAL_TRANSPORT,1,1.3,7.21,6.19,3,SAFE,false
2026-10-01T10:04:14.000Z,SYNTHETIC_BENCHMARK,Scenario 5: Chemical Washdown Wet Corridor (μ=0.65),AMR-01,Process Operator,48.12,24.8,52.17,24.3,1.82,0.49,0.5,0.8,1,0.5,0.65,32,0.15,MATERIAL_TRANSPORT,1,1.3,4.08,5.23,3,WARNING,false
2026-10-01T10:04:15.000Z,SYNTHETIC_BENCHMARK,Scenario 5: Chemical Washdown Wet Corridor (μ=0.65),AMR-01,Process Operator,48.24,22.6,51.69,23.42,1.52,0.81,0.5,0.8,1,0.5,0.65,32,0.15,MATERIAL_TRANSPORT,1,1.3,3.55,4.92,3,WARNING,false
2026-10-01T10:04:15.000Z,SYNTHETIC_BENCHMARK,Scenario 5: Chemical Washdown Wet Corridor (μ=0.65),AMR-01,Process Operator,49.9,20.36,50.96,24.28,1.74,1.38,0.5,0.8,1,0.5,0.65,32,0.15,MATERIAL_TRANSPORT,1,1.3,4.06,5.67,3,WARNING,false
2026-10-01T10:04:15.000Z,SYNTHETIC_BENCHMARK,Scenario 5: Chemical Washdown Wet Corridor (μ=0.65),AMR-01,Process Operator,49.77,24.74,50.66,24.21,1.42,1.41,0.5,0.8,1,0.5,0.65,32,0.15,MATERIAL_TRANSPORT,1,1.3,1.04,5.13,3,EMERGENCY,false
2026-10-01T10:04:15.000Z,SYNTHETIC_BENCHMARK,Scenario 5: Chemical Washdown Wet Corridor (μ=0.65),AMR-01,Process Operator,50.5,22.4,49.45,24.55,1.08,1.3,0.5,0.8,1,0.5,0.65,32,0.15,MATERIAL_TRANSPORT,1,1.3,2.39,4.47,3,UNSAFE,false
2026-10-01T10:04:15.000Z,SYNTHETIC_BENCHMARK,Scenario 5: Chemical Washdown Wet Corridor (μ=0.65),AMR-01,Process Operator,50.77,20.01,50,22.64,1.25,1.44,0.5,0.8,1,0.5,0.65,32,0.15,MATERIAL_TRANSPORT,1,1.3,2.74,4.86,3,UNSAFE,false
2026-10-01T10:04:16.000Z,SYNTHETIC_BENCHMARK,Scenario 5: Chemical Washdown Wet Corridor (μ=0.65),AMR-01,Process Operator,51.25,24.25,48.98,23.79,0.88,1.04,0.5,0.8,1,0.5,0.65,32,0.15,MATERIAL_TRANSPORT,1,1.3,2.32,3.96,3,UNSAFE,false
2026-10-01T10:04:16.000Z,SYNTHETIC_BENCHMARK,Scenario 5: Chemical Washdown Wet Corridor (μ=0.65),AMR-01,Process Operator,50.59,21.78,49.05,25.35,2.1,0.5,0.5,0.8,1,0.5,0.65,32,0.15,MATERIAL_TRANSPORT,1,1.3,3.89,5.72,3,WARNING,false
2026-10-01T10:04:16.000Z,SYNTHETIC_BENCHMARK,Scenario 5: Chemical Washdown Wet Corridor (μ=0.65),AMR-01,Process Operator,51.48,24.25,48.88,24.66,2.23,1.41,0.5,0.8,1,0.5,0.65,32,0.15,MATERIAL_TRANSPORT,1,1.3,2.63,6.53,3,UNSAFE,false
2026-10-01T10:04:16.000Z,SYNTHETIC_BENCHMARK,Scenario 5: Chemical Washdown Wet Corridor (μ=0.65),AMR-01,Process Operator,52.56,23.35,47.13,23.03,1.82,0.57,0.5,0.8,1,0.5,0.65,32,0.15,MATERIAL_TRANSPORT,1,1.3,5.44,5.28,3,SAFE,false
2026-10-01T10:04:16.000Z,SYNTHETIC_BENCHMARK,Scenario 5: Chemical Washdown Wet Corridor (μ=0.65),AMR-01,Process Operator,52.52,20.74,46.48,25.82,1.39,0.79,0.5,0.8,1,0.5,0.65,32,0.15,MATERIAL_TRANSPORT,1,1.3,7.89,4.68,3,SAFE,false
2026-10-01T10:04:17.000Z,SYNTHETIC_BENCHMARK,Scenario 5: Chemical Washdown Wet Corridor (μ=0.65),AMR-01,Process Operator,54.01,23.08,47.59,22.34,1.48,1.27,0.5,0.8,1,0.5,0.65,32,0.15,MATERIAL_TRANSPORT,1,1.3,6.46,5.15,3,SAFE,false
2026-10-01T10:04:17.000Z,SYNTHETIC_BENCHMARK,Scenario 5: Chemical Washdown Wet Corridor (μ=0.65),AMR-01,Process Operator,53.71,22.04,47.12,25.94,1.02,1.2,0.5,0.8,1,0.5,0.65,32,0.15,MATERIAL_TRANSPORT,1,1.3,7.66,4.3,3,SAFE,false
2026-10-01T10:04:17.000Z,SYNTHETIC_BENCHMARK,Scenario 5: Chemical Washdown Wet Corridor (μ=0.65),AMR-01,Process Operator,54.28,24.28,45.74,25.95,2.15,0.99,0.5,0.8,1,0.5,0.65,32,0.15,MATERIAL_TRANSPORT,1,1.3,8.7,6.12,3,SAFE,false
2026-10-01T10:04:17.000Z,SYNTHETIC_BENCHMARK,Scenario 5: Chemical Washdown Wet Corridor (μ=0.65),AMR-01,Process Operator,54.39,21.48,46.13,23.7,2.19,1.03,0.5,0.8,1,0.5,0.65,32,0.15,MATERIAL_TRANSPORT,1,1.3,8.55,6.22,3,SAFE,false
2026-10-01T10:04:17.000Z,SYNTHETIC_BENCHMARK,Scenario 5: Chemical Washdown Wet Corridor (μ=0.65),AMR-01,Process Operator,54.7,20.3,44.94,24.52,1.69,0.53,0.5,0.8,1,0.5,0.65,32,0.15,MATERIAL_TRANSPORT,1,1.3,10.63,5.03,3,SAFE,false
2026-10-01T10:04:18.000Z,SYNTHETIC_BENCHMARK,Scenario 5: Chemical Washdown Wet Corridor (μ=0.65),AMR-01,Process Operator,55.87,22.41,44.84,25.75,1.17,1.08,0.5,0.8,1,0.5,0.65,32,0.15,MATERIAL_TRANSPORT,1,1.3,11.52,4.49,3,SAFE,false
2026-10-01T10:04:18.000Z,SYNTHETIC_BENCHMARK,Scenario 5: Chemical Washdown Wet Corridor (μ=0.65),AMR-01,Process Operator,56.59,24.47,44.5,24.72,1.17,0.69,0.5,0.8,1,0.5,0.65,32,0.15,MATERIAL_TRANSPORT,1,1.3,12.09,4.23,3,SAFE,false
2026-10-01T10:04:18.000Z,SYNTHETIC_BENCHMARK,Scenario 5: Chemical Washdown Wet Corridor (μ=0.65),AMR-01,Process Operator,57.51,23.15,44.59,22.76,2.22,0.96,0.5,0.8,1,0.5,0.65,32,0.15,MATERIAL_TRANSPORT,1,1.3,12.93,6.22,3,SAFE,false
2026-10-01T10:04:18.000Z,SYNTHETIC_BENCHMARK,Scenario 5: Chemical Washdown Wet Corridor (μ=0.65),AMR-01,Process Operator,57.3,20.12,43.77,25.21,1.66,1.08,0.5,0.8,1,0.5,0.65,32,0.15,MATERIAL_TRANSPORT,1,1.3,14.46,5.33,3,SAFE,false
2026-10-01T10:04:18.000Z,SYNTHETIC_BENCHMARK,Scenario 5: Chemical Washdown Wet Corridor (μ=0.65),AMR-01,Process Operator,58.63,22.04,42.71,25.41,1.61,1.45,0.5,0.8,1,0.5,0.65,32,0.15,MATERIAL_TRANSPORT,1,1.3,16.27,5.49,3,SAFE,false
2026-10-01T10:04:19.000Z,SYNTHETIC_BENCHMARK,Scenario 5: Chemical Washdown Wet Corridor (μ=0.65),AMR-01,Process Operator,58.16,20.58,42.08,24.67,1.02,1.29,0.5,0.8,1,0.5,0.65,32,0.15,MATERIAL_TRANSPORT,1,1.3,16.59,4.36,3,SAFE,false
2026-10-01T10:04:19.000Z,SYNTHETIC_BENCHMARK,Scenario 5: Chemical Washdown Wet Corridor (μ=0.65),AMR-01,Process Operator,58.56,22.41,42.54,24.35,2.02,0.97,0.5,0.8,1,0.5,0.65,32,0.15,MATERIAL_TRANSPORT,1,1.3,16.14,5.89,3,SAFE,false
2026-10-01T10:04:19.000Z,SYNTHETIC_BENCHMARK,Scenario 5: Chemical Washdown Wet Corridor (μ=0.65),AMR-01,Process Operator,58.5,24.2,42.75,25.76,1.93,0.92,0.5,0.8,1,0.5,0.65,32,0.15,MATERIAL_TRANSPORT,1,1.3,15.83,5.7,3,SAFE,false
2026-10-01T10:04:19.000Z,SYNTHETIC_BENCHMARK,Scenario 5: Chemical Washdown Wet Corridor (μ=0.65),AMR-01,Process Operator,60.64,22.6,41.4,22.25,1.29,1.51,0.5,0.8,1,0.5,0.65,32,0.15,MATERIAL_TRANSPORT,1,1.3,19.24,4.97,3,SAFE,false
2026-10-01T10:04:19.000Z,SYNTHETIC_BENCHMARK,Scenario 5: Chemical Washdown Wet Corridor (μ=0.65),AMR-01,Process Operator,59.66,24.29,41.13,23.14,2.24,0.77,0.5,0.8,1,0.5,0.65,32,0.15,MATERIAL_TRANSPORT,1,1.3,18.57,6.14,3,SAFE,false
2026-10-01T10:04:20.000Z,SYNTHETIC_BENCHMARK,Scenario 5: Chemical Washdown Wet Corridor (μ=0.65),AMR-01,Process Operator,60.21,20.94,40.63,25.78,2.11,1.48,0.5,0.8,1,0.5,0.65,32,0.15,MATERIAL_TRANSPORT,1,1.3,20.17,6.37,3,SAFE,false
2026-10-01T10:04:20.000Z,SYNTHETIC_BENCHMARK,Scenario 5: Chemical Washdown Wet Corridor (μ=0.65),AMR-01,Process Operator,60.96,24.2,40.55,23.49,1.42,0.44,0.5,0.8,1,0.5,0.65,32,0.15,MATERIAL_TRANSPORT,1,1.3,20.42,4.5,3,SAFE,false
2026-10-01T10:04:20.000Z,SYNTHETIC_BENCHMARK,Scenario 5: Chemical Washdown Wet Corridor (μ=0.65),AMR-01,Process Operator,62.58,20.75,39.56,25.61,2.33,0.46,0.5,0.8,1,0.5,0.65,32,0.15,MATERIAL_TRANSPORT,1,1.3,23.53,6.09,3,SAFE,false
2026-10-01T10:04:20.000Z,SYNTHETIC_BENCHMARK,Scenario 5: Chemical Washdown Wet Corridor (μ=0.65),AMR-01,Process Operator,61.74,22.26,40.34,25.47,2.15,0.74,0.5,0.8,1,0.5,0.65,32,0.15,MATERIAL_TRANSPORT,1,1.3,21.64,5.96,3,SAFE,false
2026-10-01T10:04:20.000Z,SYNTHETIC_BENCHMARK,Scenario 5: Chemical Washdown Wet Corridor (μ=0.65),AMR-01,Process Operator,63.11,20.38,39.54,24.4,1.42,0.47,0.5,0.8,1,0.5,0.65,32,0.15,MATERIAL_TRANSPORT,1,1.3,23.91,4.52,3,SAFE,false
2026-10-01T10:04:21.000Z,SYNTHETIC_BENCHMARK,Scenario 5: Chemical Washdown Wet Corridor (μ=0.65),AMR-01,Process Operator,63.34,21.8,39.83,23.74,2.28,1.26,0.5,0.8,1,0.5,0.65,32,0.15,MATERIAL_TRANSPORT,1,1.3,23.59,6.52,3,SAFE,false
2026-10-01T10:04:21.000Z,SYNTHETIC_BENCHMARK,Scenario 5: Chemical Washdown Wet Corridor (μ=0.65),AMR-01,Process Operator,63.12,23.16,37.88,24.82,2.06,1.1,0.5,0.8,1,0.5,0.65,32,0.15,MATERIAL_TRANSPORT,1,1.3,25.29,6.04,3,SAFE,false
2026-10-01T10:04:21.000Z,SYNTHETIC_BENCHMARK,Scenario 5: Chemical Washdown Wet Corridor (μ=0.65),AMR-01,Process Operator,65.09,21.15,38.36,24.98,1.29,1.6,0.5,0.8,1,0.5,0.65,32,0.15,MATERIAL_TRANSPORT,1,1.3,27,5.03,3,SAFE,false
2026-10-01T10:04:21.000Z,SYNTHETIC_BENCHMARK,Scenario 5: Chemical Washdown Wet Corridor (μ=0.65),AMR-01,Process Operator,65.94,22.43,37.93,25.54,2.11,0.75,0.5,0.8,1,0.5,0.65,32,0.15,MATERIAL_TRANSPORT,1,1.3,28.18,5.9,3,SAFE,false
2026-10-01T10:04:21.000Z,SYNTHETIC_BENCHMARK,Scenario 5: Chemical Washdown Wet Corridor (μ=0.65),AMR-01,Process Operator,66.32,23.65,37.26,23.84,1.84,1.36,0.5,0.8,1,0.5,0.65,32,0.15,MATERIAL_TRANSPORT,1,1.3,29.06,5.83,3,SAFE,false
2026-10-01T10:04:22.000Z,SYNTHETIC_BENCHMARK,Scenario 5: Chemical Washdown Wet Corridor (μ=0.65),AMR-01,Process Operator,66.91,21.5,37.01,25.22,1.03,1.43,0.5,0.8,1,0.5,0.65,32,0.15,MATERIAL_TRANSPORT,1,1.3,30.13,4.47,3,SAFE,false
2026-10-01T10:04:22.000Z,SYNTHETIC_BENCHMARK,Scenario 5: Chemical Washdown Wet Corridor (μ=0.65),AMR-01,Process Operator,66.36,22.64,35.86,23,1.8,1.35,0.5,0.8,1,0.5,0.65,32,0.15,MATERIAL_TRANSPORT,1,1.3,30.5,5.75,3,SAFE,false
2026-10-01T10:04:22.000Z,SYNTHETIC_BENCHMARK,Scenario 5: Chemical Washdown Wet Corridor (μ=0.65),AMR-01,Process Operator,67.36,23.73,36.46,22.53,1.49,1.52,0.5,0.8,1,0.5,0.65,32,0.15,MATERIAL_TRANSPORT,1,1.3,30.92,5.33,3,SAFE,false
2026-10-01T10:04:22.000Z,SYNTHETIC_BENCHMARK,Scenario 5: Chemical Washdown Wet Corridor (μ=0.65),AMR-01,Process Operator,66.56,21.43,35.5,25.13,2.23,1.16,0.5,0.8,1,0.5,0.65,32,0.15,MATERIAL_TRANSPORT,1,1.3,31.28,6.37,3,SAFE,false
2026-10-01T10:04:22.000Z,SYNTHETIC_BENCHMARK,Scenario 5: Chemical Washdown Wet Corridor (μ=0.65),AMR-01,Process Operator,68.62,22.43,35.62,24.14,1.35,0.64,0.5,0.8,1,0.5,0.65,32,0.15,MATERIAL_TRANSPORT,1,1.3,33.04,4.51,3,SAFE,false
2026-10-01T10:04:23.000Z,SYNTHETIC_BENCHMARK,Scenario 5: Chemical Washdown Wet Corridor (μ=0.65),AMR-01,Process Operator,68.23,23.38,35.51,24.88,1,1.59,0.5,0.8,1,0.5,0.65,32,0.15,MATERIAL_TRANSPORT,1,1.3,32.75,4.52,3,SAFE,false
2026-10-01T10:04:23.000Z,SYNTHETIC_BENCHMARK,Scenario 5: Chemical Washdown Wet Corridor (μ=0.65),AMR-01,Process Operator,68.04,20.95,33.82,24.71,1.69,0.78,0.5,0.8,1,0.5,0.65,32,0.15,MATERIAL_TRANSPORT,1,1.3,34.43,5.19,3,SAFE,false
2026-10-01T10:04:23.000Z,SYNTHETIC_BENCHMARK,Scenario 5: Chemical Washdown Wet Corridor (μ=0.65),AMR-01,Process Operator,68.72,21.81,33.22,24.93,2.38,1.04,0.5,0.8,1,0.5,0.65,32,0.15,MATERIAL_TRANSPORT,1,1.3,35.64,6.55,3,SAFE,false
2026-10-01T10:04:23.000Z,SYNTHETIC_BENCHMARK,Scenario 5: Chemical Washdown Wet Corridor (μ=0.65),AMR-01,Process Operator,70.93,22.62,34.38,22.9,1.98,1.55,0.5,0.8,1,0.5,0.65,32,0.15,MATERIAL_TRANSPORT,1,1.3,36.55,6.19,3,SAFE,false
2026-10-01T10:04:23.000Z,SYNTHETIC_BENCHMARK,Scenario 5: Chemical Washdown Wet Corridor (μ=0.65),AMR-01,Process Operator,71.35,20.05,33.97,23.95,1.03,1.51,0.5,0.8,1,0.5,0.65,32,0.15,MATERIAL_TRANSPORT,1,1.3,37.58,4.52,3,SAFE,false
2026-10-01T10:05:00.000Z,SYNTHETIC_BENCHMARK,Scenario 6: Cold Storage Frost Slick (μ=0.20),AMR-01,Process Operator,10.64,20.77,80.65,25.4,1.67,1.33,0.5,0.8,1,0.5,0.2,-15,0.25,MATERIAL_TRANSPORT,1,1.2,70.16,10.69,3,SAFE,false
2026-10-01T10:05:00.000Z,SYNTHETIC_BENCHMARK,Scenario 6: Cold Storage Frost Slick (μ=0.20),AMR-01,Process Operator,11.47,21.44,81.09,24.59,1.22,1.41,0.5,0.8,1,0.5,0.2,-15,0.25,MATERIAL_TRANSPORT,1,1.2,69.69,8.52,3,SAFE,false
2026-10-01T10:05:00.000Z,SYNTHETIC_BENCHMARK,Scenario 6: Cold Storage Frost Slick (μ=0.20),AMR-01,Process Operator,12.5,23.73,79.95,22.86,1.83,0.94,0.5,0.8,1,0.5,0.2,-15,0.25,MATERIAL_TRANSPORT,1,1.2,67.46,11.24,3,SAFE,false
2026-10-01T10:05:00.000Z,SYNTHETIC_BENCHMARK,Scenario 6: Cold Storage Frost Slick (μ=0.20),AMR-01,Process Operator,12.41,24.31,79.91,25.53,0.82,1.53,0.5,0.8,1,0.5,0.2,-15,0.25,MATERIAL_TRANSPORT,1,1.2,67.51,6.63,3,SAFE,false
2026-10-01T10:05:00.000Z,SYNTHETIC_BENCHMARK,Scenario 6: Cold Storage Frost Slick (μ=0.20),AMR-01,Process Operator,13.84,24.85,79.63,25.95,1.93,1.17,0.5,0.8,1,0.5,0.2,-15,0.25,MATERIAL_TRANSPORT,1,1.2,65.8,11.87,3,SAFE,false
2026-10-01T10:05:01.000Z,SYNTHETIC_BENCHMARK,Scenario 6: Cold Storage Frost Slick (μ=0.20),AMR-01,Process Operator,13.49,22,79.77,25.43,0.9,1.47,0.5,0.8,1,0.5,0.2,-15,0.25,MATERIAL_TRANSPORT,1,1.2,66.37,6.98,3,SAFE,false
2026-10-01T10:05:01.000Z,SYNTHETIC_BENCHMARK,Scenario 6: Cold Storage Frost Slick (μ=0.20),AMR-01,Process Operator,14,22.44,79.01,25.33,1.45,0.42,0.5,0.8,1,0.5,0.2,-15,0.25,MATERIAL_TRANSPORT,1,1.2,65.07,9.06,3,SAFE,false
2026-10-01T10:05:01.000Z,SYNTHETIC_BENCHMARK,Scenario 6: Cold Storage Frost Slick (μ=0.20),AMR-01,Process Operator,14.05,22.84,78.01,22.97,0.91,0.83,0.5,0.8,1,0.5,0.2,-15,0.25,MATERIAL_TRANSPORT,1,1.2,63.96,6.65,3,SAFE,false
2026-10-01T10:05:01.000Z,SYNTHETIC_BENCHMARK,Scenario 6: Cold Storage Frost Slick (μ=0.20),AMR-01,Process Operator,14.3,24.85,77.43,23.68,1.43,0.7,0.5,0.8,1,0.5,0.2,-15,0.25,MATERIAL_TRANSPORT,1,1.2,63.14,9.13,3,SAFE,false
2026-10-01T10:05:01.000Z,SYNTHETIC_BENCHMARK,Scenario 6: Cold Storage Frost Slick (μ=0.20),AMR-01,Process Operator,15.43,20.15,77.94,24.8,1.94,0.42,0.5,0.8,1,0.5,0.2,-15,0.25,MATERIAL_TRANSPORT,1,1.2,62.68,11.47,3,SAFE,false
2026-10-01T10:05:02.000Z,SYNTHETIC_BENCHMARK,Scenario 6: Cold Storage Frost Slick (μ=0.20),AMR-01,Process Operator,16.09,20.41,76.21,23.65,1.36,1.59,0.5,0.8,1,0.5,0.2,-15,0.25,MATERIAL_TRANSPORT,1,1.2,60.21,9.32,3,SAFE,false
2026-10-01T10:05:02.000Z,SYNTHETIC_BENCHMARK,Scenario 6: Cold Storage Frost Slick (μ=0.20),AMR-01,Process Operator,16.95,22.28,76.91,25.59,1.83,1.03,0.5,0.8,1,0.5,0.2,-15,0.25,MATERIAL_TRANSPORT,1,1.2,60.05,11.3,3,SAFE,false
2026-10-01T10:05:02.000Z,SYNTHETIC_BENCHMARK,Scenario 6: Cold Storage Frost Slick (μ=0.20),AMR-01,Process Operator,16.69,22.45,76.71,23.93,2.29,1.51,0.5,0.8,1,0.5,0.2,-15,0.25,MATERIAL_TRANSPORT,1,1.2,60.04,13.85,3,SAFE,false
2026-10-01T10:05:02.000Z,SYNTHETIC_BENCHMARK,Scenario 6: Cold Storage Frost Slick (μ=0.20),AMR-01,Process Operator,17.96,22.56,76.26,24.01,1.67,1.06,0.5,0.8,1,0.5,0.2,-15,0.25,MATERIAL_TRANSPORT,1,1.2,58.32,10.53,3,SAFE,false
2026-10-01T10:05:02.000Z,SYNTHETIC_BENCHMARK,Scenario 6: Cold Storage Frost Slick (μ=0.20),AMR-01,Process Operator,17.43,24.3,76.23,23.16,2.1,1.25,0.5,0.8,1,0.5,0.2,-15,0.25,MATERIAL_TRANSPORT,1,1.2,58.81,12.76,3,SAFE,false
2026-10-01T10:05:03.000Z,SYNTHETIC_BENCHMARK,Scenario 6: Cold Storage Frost Slick (μ=0.20),AMR-01,Process Operator,17.78,24.32,75.3,22.73,0.92,1.31,0.5,0.8,1,0.5,0.2,-15,0.25,MATERIAL_TRANSPORT,1,1.2,57.54,6.99,3,SAFE,false
2026-10-01T10:05:03.000Z,SYNTHETIC_BENCHMARK,Scenario 6: Cold Storage Frost Slick (μ=0.20),AMR-01,Process Operator,19.66,24.3,74.13,24.03,1.85,0.42,0.5,0.8,1,0.5,0.2,-15,0.25,MATERIAL_TRANSPORT,1,1.2,54.47,11.03,3,SAFE,false
2026-10-01T10:05:03.000Z,SYNTHETIC_BENCHMARK,Scenario 6: Cold Storage Frost Slick (μ=0.20),AMR-01,Process Operator,19.75,20.9,73.39,24.41,2.23,1.38,0.5,0.8,1,0.5,0.2,-15,0.25,MATERIAL_TRANSPORT,1,1.2,53.75,13.47,3,SAFE,false
2026-10-01T10:05:03.000Z,SYNTHETIC_BENCHMARK,Scenario 6: Cold Storage Frost Slick (μ=0.20),AMR-01,Process Operator,20.71,20.79,73.73,25.19,1,1,0.5,0.8,1,0.5,0.2,-15,0.25,MATERIAL_TRANSPORT,1,1.2,53.2,7.19,3,SAFE,false
2026-10-01T10:05:03.000Z,SYNTHETIC_BENCHMARK,Scenario 6: Cold Storage Frost Slick (μ=0.20),AMR-01,Process Operator,21.2,20.62,73.84,23.72,1.89,0.88,0.5,0.8,1,0.5,0.2,-15,0.25,MATERIAL_TRANSPORT,1,1.2,52.73,11.5,3,SAFE,false
2026-10-01T10:05:04.000Z,SYNTHETIC_BENCHMARK,Scenario 6: Cold Storage Frost Slick (μ=0.20),AMR-01,Process Operator,21.9,22.08,72.37,25.32,2.24,1.41,0.5,0.8,1,0.5,0.2,-15,0.25,MATERIAL_TRANSPORT,1,1.2,50.57,13.54,3,SAFE,false
2026-10-01T10:05:04.000Z,SYNTHETIC_BENCHMARK,Scenario 6: Cold Storage Frost Slick (μ=0.20),AMR-01,Process Operator,21.47,21.83,72,23.32,0.96,0.6,0.5,0.8,1,0.5,0.2,-15,0.25,MATERIAL_TRANSPORT,1,1.2,50.55,6.76,3,SAFE,false
2026-10-01T10:05:04.000Z,SYNTHETIC_BENCHMARK,Scenario 6: Cold Storage Frost Slick (μ=0.20),AMR-01,Process Operator,22.57,21.53,71.38,23.07,1.81,1.24,0.5,0.8,1,0.5,0.2,-15,0.25,MATERIAL_TRANSPORT,1,1.2,48.83,11.32,3,SAFE,false
2026-10-01T10:05:04.000Z,SYNTHETIC_BENCHMARK,Scenario 6: Cold Storage Frost Slick (μ=0.20),AMR-01,Process Operator,21.88,22.85,71.19,25.89,2.1,1.34,0.5,0.8,1,0.5,0.2,-15,0.25,MATERIAL_TRANSPORT,1,1.2,49.4,12.81,3,SAFE,false
2026-10-01T10:05:04.000Z,SYNTHETIC_BENCHMARK,Scenario 6: Cold Storage Frost Slick (μ=0.20),AMR-01,Process Operator,22.06,22.46,72.09,25.12,2.38,1.29,0.5,0.8,1,0.5,0.2,-15,0.25,MATERIAL_TRANSPORT,1,1.2,50.1,14.16,3,SAFE,false
2026-10-01T10:05:05.000Z,SYNTHETIC_BENCHMARK,Scenario 6: Cold Storage Frost Slick (μ=0.20),AMR-01,Process Operator,23.78,22.02,70.76,22.09,1.58,1.5,0.5,0.8,1,0.5,0.2,-15,0.25,MATERIAL_TRANSPORT,1,1.2,46.98,10.35,3,SAFE,false
2026-10-01T10:05:05.000Z,SYNTHETIC_BENCHMARK,Scenario 6: Cold Storage Frost Slick (μ=0.20),AMR-01,Process Operator,23.7,23.2,69.84,22.13,1.84,1.17,0.5,0.8,1,0.5,0.2,-15,0.25,MATERIAL_TRANSPORT,1,1.2,46.15,11.43,3,SAFE,false
2026-10-01T10:05:05.000Z,SYNTHETIC_BENCHMARK,Scenario 6: Cold Storage Frost Slick (μ=0.20),AMR-01,Process Operator,24.49,22.67,70.03,22.59,2.07,0.69,0.5,0.8,1,0.5,0.2,-15,0.25,MATERIAL_TRANSPORT,1,1.2,45.54,12.27,3,SAFE,false
2026-10-01T10:05:05.000Z,SYNTHETIC_BENCHMARK,Scenario 6: Cold Storage Frost Slick (μ=0.20),AMR-01,Process Operator,24.82,22.09,69.97,24.78,1.23,0.47,0.5,0.8,1,0.5,0.2,-15,0.25,MATERIAL_TRANSPORT,1,1.2,45.23,8.01,3,SAFE,false
2026-10-01T10:05:05.000Z,SYNTHETIC_BENCHMARK,Scenario 6: Cold Storage Frost Slick (μ=0.20),AMR-01,Process Operator,25.35,23.13,70.33,22.04,1.44,0.9,0.5,0.8,1,0.5,0.2,-15,0.25,MATERIAL_TRANSPORT,1,1.2,44.99,9.3,3,SAFE,false
2026-10-01T10:05:06.000Z,SYNTHETIC_BENCHMARK,Scenario 6: Cold Storage Frost Slick (μ=0.20),AMR-01,Process Operator,26.75,22.46,69.79,23.72,1.63,1.18,0.5,0.8,1,0.5,0.2,-15,0.25,MATERIAL_TRANSPORT,1,1.2,43.06,10.4,3,SAFE,false
2026-10-01T10:05:06.000Z,SYNTHETIC_BENCHMARK,Scenario 6: Cold Storage Frost Slick (μ=0.20),AMR-01,Process Operator,25.69,21.75,69.01,23.13,2.34,0.53,0.5,0.8,1,0.5,0.2,-15,0.25,MATERIAL_TRANSPORT,1,1.2,43.34,13.51,3,SAFE,false
2026-10-01T10:05:06.000Z,SYNTHETIC_BENCHMARK,Scenario 6: Cold Storage Frost Slick (μ=0.20),AMR-01,Process Operator,26.83,22.65,68.65,25.62,0.91,0.53,0.5,0.8,1,0.5,0.2,-15,0.25,MATERIAL_TRANSPORT,1,1.2,41.93,6.47,3,SAFE,false
2026-10-01T10:05:06.000Z,SYNTHETIC_BENCHMARK,Scenario 6: Cold Storage Frost Slick (μ=0.20),AMR-01,Process Operator,26.84,21.84,67.39,24.52,1.05,1.58,0.5,0.8,1,0.5,0.2,-15,0.25,MATERIAL_TRANSPORT,1,1.2,40.64,7.79,3,SAFE,false
2026-10-01T10:05:06.000Z,SYNTHETIC_BENCHMARK,Scenario 6: Cold Storage Frost Slick (μ=0.20),AMR-01,Process Operator,28.39,20.99,67.88,25.15,1.72,0.49,0.5,0.8,1,0.5,0.2,-15,0.25,MATERIAL_TRANSPORT,1,1.2,39.71,10.43,3,SAFE,false
2026-10-01T10:05:07.000Z,SYNTHETIC_BENCHMARK,Scenario 6: Cold Storage Frost Slick (μ=0.20),AMR-01,Process Operator,28.15,21.75,66.8,24.86,1.84,1.25,0.5,0.8,1,0.5,0.2,-15,0.25,MATERIAL_TRANSPORT,1,1.2,38.77,11.48,3,SAFE,false
2026-10-01T10:05:07.000Z,SYNTHETIC_BENCHMARK,Scenario 6: Cold Storage Frost Slick (μ=0.20),AMR-01,Process Operator,28.77,20.8,66.82,24.98,1.94,0.67,0.5,0.8,1,0.5,0.2,-15,0.25,MATERIAL_TRANSPORT,1,1.2,38.28,11.62,3,SAFE,false
2026-10-01T10:05:07.000Z,SYNTHETIC_BENCHMARK,Scenario 6: Cold Storage Frost Slick (μ=0.20),AMR-01,Process Operator,28.93,24.81,66.59,22.84,0.97,1.55,0.5,0.8,1,0.5,0.2,-15,0.25,MATERIAL_TRANSPORT,1,1.2,37.71,7.38,3,SAFE,false
2026-10-01T10:05:07.000Z,SYNTHETIC_BENCHMARK,Scenario 6: Cold Storage Frost Slick (μ=0.20),AMR-01,Process Operator,29.29,20.43,66.79,23.77,1.04,0.68,0.5,0.8,1,0.5,0.2,-15,0.25,MATERIAL_TRANSPORT,1,1.2,37.65,7.2,3,SAFE,false
2026-10-01T10:05:07.000Z,SYNTHETIC_BENCHMARK,Scenario 6: Cold Storage Frost Slick (μ=0.20),AMR-01,Process Operator,30.53,24.35,66.08,25.11,1.1,0.87,0.5,0.8,1,0.5,0.2,-15,0.25,MATERIAL_TRANSPORT,1,1.2,35.56,7.61,3,SAFE,false
2026-10-01T10:05:08.000Z,SYNTHETIC_BENCHMARK,Scenario 6: Cold Storage Frost Slick (μ=0.20),AMR-01,Process Operator,31.3,23.21,65.13,24.19,1.68,1.31,0.5,0.8,1,0.5,0.2,-15,0.25,MATERIAL_TRANSPORT,1,1.2,33.84,10.73,3,SAFE,false
2026-10-01T10:05:08.000Z,SYNTHETIC_BENCHMARK,Scenario 6: Cold Storage Frost Slick (μ=0.20),AMR-01,Process Operator,32.28,23.7,64.61,22.35,1.71,1.21,0.5,0.8,1,0.5,0.2,-15,0.25,MATERIAL_TRANSPORT,1,1.2,32.36,10.81,3,SAFE,false
2026-10-01T10:05:08.000Z,SYNTHETIC_BENCHMARK,Scenario 6: Cold Storage Frost Slick (μ=0.20),AMR-01,Process Operator,32.12,22.47,65.18,24.91,1.72,0.96,0.5,0.8,1,0.5,0.2,-15,0.25,MATERIAL_TRANSPORT,1,1.2,33.15,10.71,3,SAFE,false
2026-10-01T10:05:08.000Z,SYNTHETIC_BENCHMARK,Scenario 6: Cold Storage Frost Slick (μ=0.20),AMR-01,Process Operator,31.51,21.2,63.51,25.21,2.26,0.97,0.5,0.8,1,0.5,0.2,-15,0.25,MATERIAL_TRANSPORT,1,1.2,32.25,13.38,3,SAFE,false
2026-10-01T10:05:08.000Z,SYNTHETIC_BENCHMARK,Scenario 6: Cold Storage Frost Slick (μ=0.20),AMR-01,Process Operator,33.09,21.55,64.26,24.59,2.24,0.44,0.5,0.8,1,0.5,0.2,-15,0.25,MATERIAL_TRANSPORT,1,1.2,31.32,12.96,3,SAFE,false
2026-10-01T10:05:09.000Z,SYNTHETIC_BENCHMARK,Scenario 6: Cold Storage Frost Slick (μ=0.20),AMR-01,Process Operator,33.55,20.18,62.11,24.38,2.21,0.96,0.5,0.8,1,0.5,0.2,-15,0.25,MATERIAL_TRANSPORT,1,1.2,28.87,13.12,3,SAFE,false
2026-10-01T10:05:09.000Z,SYNTHETIC_BENCHMARK,Scenario 6: Cold Storage Frost Slick (μ=0.20),AMR-01,Process Operator,33.54,23.77,61.72,25.9,1.1,0.54,0.5,0.8,1,0.5,0.2,-15,0.25,MATERIAL_TRANSPORT,1,1.2,28.26,7.41,3,SAFE,false
2026-10-01T10:05:09.000Z,SYNTHETIC_BENCHMARK,Scenario 6: Cold Storage Frost Slick (μ=0.20),AMR-01,Process Operator,33.74,23.98,61.75,22.5,1.04,0.77,0.5,0.8,1,0.5,0.2,-15,0.25,MATERIAL_TRANSPORT,1,1.2,28.05,7.25,3,SAFE,false
2026-10-01T10:05:09.000Z,SYNTHETIC_BENCHMARK,Scenario 6: Cold Storage Frost Slick (μ=0.20),AMR-01,Process Operator,34.81,22.48,60.87,23.51,0.97,0.85,0.5,0.8,1,0.5,0.2,-15,0.25,MATERIAL_TRANSPORT,1,1.2,26.08,6.96,3,SAFE,false
2026-10-01T10:05:09.000Z,SYNTHETIC_BENCHMARK,Scenario 6: Cold Storage Frost Slick (μ=0.20),AMR-01,Process Operator,35.42,20.93,61.76,22.26,1.41,1.2,0.5,0.8,1,0.5,0.2,-15,0.25,MATERIAL_TRANSPORT,1,1.2,26.37,9.33,3,SAFE,false
2026-10-01T10:05:10.000Z,SYNTHETIC_BENCHMARK,Scenario 6: Cold Storage Frost Slick (μ=0.20),AMR-01,Process Operator,36.22,21,61.07,24.08,1.31,1,0.5,0.8,1,0.5,0.2,-15,0.25,MATERIAL_TRANSPORT,1,1.2,25.04,8.72,3,SAFE,false
2026-10-01T10:05:10.000Z,SYNTHETIC_BENCHMARK,Scenario 6: Cold Storage Frost Slick (μ=0.20),AMR-01,Process Operator,35.9,24.36,61.47,22.31,1.19,0.65,0.5,0.8,1,0.5,0.2,-15,0.25,MATERIAL_TRANSPORT,1,1.2,25.65,7.92,3,SAFE,false
2026-10-01T10:05:10.000Z,SYNTHETIC_BENCHMARK,Scenario 6: Cold Storage Frost Slick (μ=0.20),AMR-01,Process Operator,37.12,22.67,59.63,22.28,1.59,0.56,0.5,0.8,1,0.5,0.2,-15,0.25,MATERIAL_TRANSPORT,1,1.2,22.51,9.83,3,SAFE,false
2026-10-01T10:05:10.000Z,SYNTHETIC_BENCHMARK,Scenario 6: Cold Storage Frost Slick (μ=0.20),AMR-01,Process Operator,36.54,22.6,60.22,25.32,1.44,1.12,0.5,0.8,1,0.5,0.2,-15,0.25,MATERIAL_TRANSPORT,1,1.2,23.84,9.43,3,SAFE,false
2026-10-01T10:05:10.000Z,SYNTHETIC_BENCHMARK,Scenario 6: Cold Storage Frost Slick (μ=0.20),AMR-01,Process Operator,38.83,20.82,59.9,24.77,1.28,1.54,0.5,0.8,1,0.5,0.2,-15,0.25,MATERIAL_TRANSPORT,1,1.2,21.44,8.9,3,SAFE,false
2026-10-01T10:05:11.000Z,SYNTHETIC_BENCHMARK,Scenario 6: Cold Storage Frost Slick (μ=0.20),AMR-01,Process Operator,38.66,23.99,59.34,25.96,1.64,1.02,0.5,0.8,1,0.5,0.2,-15,0.25,MATERIAL_TRANSPORT,1,1.2,20.77,10.36,3,SAFE,false
2026-10-01T10:05:11.000Z,SYNTHETIC_BENCHMARK,Scenario 6: Cold Storage Frost Slick (μ=0.20),AMR-01,Process Operator,38.69,23.78,59.21,22.23,1.45,1.15,0.5,0.8,1,0.5,0.2,-15,0.25,MATERIAL_TRANSPORT,1,1.2,20.58,9.5,3,SAFE,false
2026-10-01T10:05:11.000Z,SYNTHETIC_BENCHMARK,Scenario 6: Cold Storage Frost Slick (μ=0.20),AMR-01,Process Operator,39.59,21.86,58.17,22.9,1.24,1.14,0.5,0.8,1,0.5,0.2,-15,0.25,MATERIAL_TRANSPORT,1,1.2,18.61,8.46,3,SAFE,false
2026-10-01T10:05:11.000Z,SYNTHETIC_BENCHMARK,Scenario 6: Cold Storage Frost Slick (μ=0.20),AMR-01,Process Operator,40.03,24.9,56.88,25.32,1.55,1.38,0.5,0.8,1,0.5,0.2,-15,0.25,MATERIAL_TRANSPORT,1,1.2,16.86,10.13,3,SAFE,false
2026-10-01T10:05:11.000Z,SYNTHETIC_BENCHMARK,Scenario 6: Cold Storage Frost Slick (μ=0.20),AMR-01,Process Operator,40.67,24.55,58.03,22.81,1.31,1.08,0.5,0.8,1,0.5,0.2,-15,0.25,MATERIAL_TRANSPORT,1,1.2,17.45,8.77,3,SAFE,false
2026-10-01T10:05:12.000Z,SYNTHETIC_BENCHMARK,Scenario 6: Cold Storage Frost Slick (μ=0.20),AMR-01,Process Operator,40.18,22.49,56.26,24.7,1.06,0.64,0.5,0.8,1,0.5,0.2,-15,0.25,MATERIAL_TRANSPORT,1,1.2,16.23,7.27,3,SAFE,false
2026-10-01T10:05:12.000Z,SYNTHETIC_BENCHMARK,Scenario 6: Cold Storage Frost Slick (μ=0.20),AMR-01,Process Operator,41.23,20.38,56.26,24.34,1.33,0.44,0.5,0.8,1,0.5,0.2,-15,0.25,MATERIAL_TRANSPORT,1,1.2,15.54,8.48,3,SAFE,false
2026-10-01T10:05:12.000Z,SYNTHETIC_BENCHMARK,Scenario 6: Cold Storage Frost Slick (μ=0.20),AMR-01,Process Operator,42.49,24.9,56.68,23.05,1.05,0.91,0.5,0.8,1,0.5,0.2,-15,0.25,MATERIAL_TRANSPORT,1,1.2,14.31,7.39,3,SAFE,false
2026-10-01T10:05:12.000Z,SYNTHETIC_BENCHMARK,Scenario 6: Cold Storage Frost Slick (μ=0.20),AMR-01,Process Operator,42.61,22.7,56.19,22.17,2.35,1.23,0.5,0.8,1,0.5,0.2,-15,0.25,MATERIAL_TRANSPORT,1,1.2,13.59,13.97,3,WARNING,false
2026-10-01T10:05:12.000Z,SYNTHETIC_BENCHMARK,Scenario 6: Cold Storage Frost Slick (μ=0.20),AMR-01,Process Operator,42.27,20.46,55.47,23.03,0.97,0.61,0.5,0.8,1,0.5,0.2,-15,0.25,MATERIAL_TRANSPORT,1,1.2,13.45,6.81,3,SAFE,false
2026-10-01T10:05:13.000Z,SYNTHETIC_BENCHMARK,Scenario 6: Cold Storage Frost Slick (μ=0.20),AMR-01,Process Operator,44.14,24.83,55.17,22.96,2.25,0.64,0.5,0.8,1,0.5,0.2,-15,0.25,MATERIAL_TRANSPORT,1,1.2,11.19,13.13,3,WARNING,false
2026-10-01T10:05:13.000Z,SYNTHETIC_BENCHMARK,Scenario 6: Cold Storage Frost Slick (μ=0.20),AMR-01,Process Operator,44.87,22.5,53.96,23.3,1.91,0.53,0.5,0.8,1,0.5,0.2,-15,0.25,MATERIAL_TRANSPORT,1,1.2,9.13,11.39,3,WARNING,false
2026-10-01T10:05:13.000Z,SYNTHETIC_BENCHMARK,Scenario 6: Cold Storage Frost Slick (μ=0.20),AMR-01,Process Operator,45.14,20.11,54.51,25.38,2.09,0.67,0.5,0.8,1,0.5,0.2,-15,0.25,MATERIAL_TRANSPORT,1,1.2,10.75,12.36,3,WARNING,false
2026-10-01T10:05:13.000Z,SYNTHETIC_BENCHMARK,Scenario 6: Cold Storage Frost Slick (μ=0.20),AMR-01,Process Operator,45.62,24.35,53.49,22.54,1.72,1.47,0.5,0.8,1,0.5,0.2,-15,0.25,MATERIAL_TRANSPORT,1,1.2,8.08,11.02,3,WARNING,false
2026-10-01T10:05:13.000Z,SYNTHETIC_BENCHMARK,Scenario 6: Cold Storage Frost Slick (μ=0.20),AMR-01,Process Operator,44.97,21.87,53.56,24.1,1.33,0.92,0.5,0.8,1,0.5,0.2,-15,0.25,MATERIAL_TRANSPORT,1,1.2,8.87,8.77,3,SAFE,false
2026-10-01T10:05:14.000Z,SYNTHETIC_BENCHMARK,Scenario 6: Cold Storage Frost Slick (μ=0.20),AMR-01,Process Operator,45.85,24.35,53.38,23.4,1.46,0.63,0.5,0.8,1,0.5,0.2,-15,0.25,MATERIAL_TRANSPORT,1,1.2,7.59,9.24,3,WARNING,false
2026-10-01T10:05:14.000Z,SYNTHETIC_BENCHMARK,Scenario 6: Cold Storage Frost Slick (μ=0.20),AMR-01,Process Operator,46.94,23.45,51.64,25.78,1.05,0.99,0.5,0.8,1,0.5,0.2,-15,0.25,MATERIAL_TRANSPORT,1,1.2,5.25,7.44,3,WARNING,false
2026-10-01T10:05:14.000Z,SYNTHETIC_BENCHMARK,Scenario 6: Cold Storage Frost Slick (μ=0.20),AMR-01,Process Operator,46.89,20.83,52.99,24.56,2.22,1.22,0.5,0.8,1,0.5,0.2,-15,0.25,MATERIAL_TRANSPORT,1,1.2,7.15,13.33,3,UNSAFE,false
2026-10-01T10:05:14.000Z,SYNTHETIC_BENCHMARK,Scenario 6: Cold Storage Frost Slick (μ=0.20),AMR-01,Process Operator,48.39,23.17,52.09,25.09,2.31,0.49,0.5,0.8,1,0.5,0.2,-15,0.25,MATERIAL_TRANSPORT,1,1.2,4.17,13.33,3,EMERGENCY,false
2026-10-01T10:05:14.000Z,SYNTHETIC_BENCHMARK,Scenario 6: Cold Storage Frost Slick (μ=0.20),AMR-01,Process Operator,48.09,22.13,51.63,24.69,1.85,0.42,0.5,0.8,1,0.5,0.2,-15,0.25,MATERIAL_TRANSPORT,1,1.2,4.37,11.03,3,UNSAFE,false
2026-10-01T10:05:15.000Z,SYNTHETIC_BENCHMARK,Scenario 6: Cold Storage Frost Slick (μ=0.20),AMR-01,Process Operator,48.65,24.38,50.25,24.69,1.38,1.41,0.5,0.8,1,0.5,0.2,-15,0.25,MATERIAL_TRANSPORT,1,1.2,1.63,9.31,3,EMERGENCY,false
2026-10-01T10:05:15.000Z,SYNTHETIC_BENCHMARK,Scenario 6: Cold Storage Frost Slick (μ=0.20),AMR-01,Process Operator,48.76,21.58,50.63,22.44,1.42,1.45,0.5,0.8,1,0.5,0.2,-15,0.25,MATERIAL_TRANSPORT,1,1.2,2.06,9.53,3,EMERGENCY,false
2026-10-01T10:05:15.000Z,SYNTHETIC_BENCHMARK,Scenario 6: Cold Storage Frost Slick (μ=0.20),AMR-01,Process Operator,49.07,20.4,49.44,23.26,0.92,0.95,0.5,0.8,1,0.5,0.2,-15,0.25,MATERIAL_TRANSPORT,1,1.2,2.88,6.77,3,UNSAFE,false
2026-10-01T10:05:15.000Z,SYNTHETIC_BENCHMARK,Scenario 6: Cold Storage Frost Slick (μ=0.20),AMR-01,Process Operator,50.25,22.51,49.35,24.49,2,1.51,0.5,0.8,1,0.5,0.2,-15,0.25,MATERIAL_TRANSPORT,1,1.2,2.17,12.42,3,EMERGENCY,false
2026-10-01T10:05:15.000Z,SYNTHETIC_BENCHMARK,Scenario 6: Cold Storage Frost Slick (μ=0.20),AMR-01,Process Operator,50.96,24.57,49.01,23.46,2,1.12,0.5,0.8,1,0.5,0.2,-15,0.25,MATERIAL_TRANSPORT,1,1.2,2.24,12.19,3,EMERGENCY,false
2026-10-01T10:05:16.000Z,SYNTHETIC_BENCHMARK,Scenario 6: Cold Storage Frost Slick (μ=0.20),AMR-01,Process Operator,51.88,23.25,49.1,25.51,1.45,1.38,0.5,0.8,1,0.5,0.2,-15,0.25,MATERIAL_TRANSPORT,1,1.2,3.58,9.64,3,UNSAFE,false
2026-10-01T10:05:16.000Z,SYNTHETIC_BENCHMARK,Scenario 6: Cold Storage Frost Slick (μ=0.20),AMR-01,Process Operator,51.67,20.22,48.28,23.96,0.89,1.5,0.5,0.8,1,0.5,0.2,-15,0.25,MATERIAL_TRANSPORT,1,1.2,5.05,6.95,3,WARNING,false
2026-10-01T10:05:16.000Z,SYNTHETIC_BENCHMARK,Scenario 6: Cold Storage Frost Slick (μ=0.20),AMR-01,Process Operator,51,22.14,47.22,24.15,0.85,0.68,0.5,0.8,1,0.5,0.2,-15,0.25,MATERIAL_TRANSPORT,1,1.2,4.28,6.26,3,WARNING,false
2026-10-01T10:05:16.000Z,SYNTHETIC_BENCHMARK,Scenario 6: Cold Storage Frost Slick (μ=0.20),AMR-01,Process Operator,52.53,20.68,48.58,23.42,1.85,0.51,0.5,0.8,1,0.5,0.2,-15,0.25,MATERIAL_TRANSPORT,1,1.2,4.81,11.08,3,UNSAFE,false
2026-10-01T10:05:16.000Z,SYNTHETIC_BENCHMARK,Scenario 6: Cold Storage Frost Slick (μ=0.20),AMR-01,Process Operator,52.93,22.51,47.04,23.09,1.25,1.4,0.5,0.8,1,0.5,0.2,-15,0.25,MATERIAL_TRANSPORT,1,1.2,5.92,8.66,3,WARNING,false
2026-10-01T10:05:17.000Z,SYNTHETIC_BENCHMARK,Scenario 6: Cold Storage Frost Slick (μ=0.20),AMR-01,Process Operator,52.87,24.29,47.26,24.5,1.16,1.34,0.5,0.8,1,0.5,0.2,-15,0.25,MATERIAL_TRANSPORT,1,1.2,5.61,8.19,3,WARNING,false
2026-10-01T10:05:17.000Z,SYNTHETIC_BENCHMARK,Scenario 6: Cold Storage Frost Slick (μ=0.20),AMR-01,Process Operator,53.02,22.7,45.9,24.99,2.12,0.74,0.5,0.8,1,0.5,0.2,-15,0.25,MATERIAL_TRANSPORT,1,1.2,7.48,12.55,3,UNSAFE,false
2026-10-01T10:05:17.000Z,SYNTHETIC_BENCHMARK,Scenario 6: Cold Storage Frost Slick (μ=0.20),AMR-01,Process Operator,54.03,24.39,45.64,25.89,1.47,1.19,0.5,0.8,1,0.5,0.2,-15,0.25,MATERIAL_TRANSPORT,1,1.2,8.52,9.62,3,WARNING,false
2026-10-01T10:05:17.000Z,SYNTHETIC_BENCHMARK,Scenario 6: Cold Storage Frost Slick (μ=0.20),AMR-01,Process Operator,54.58,21.03,45.14,24.52,1.34,0.7,0.5,0.8,1,0.5,0.2,-15,0.25,MATERIAL_TRANSPORT,1,1.2,10.06,8.69,3,SAFE,false
2026-10-01T10:05:17.000Z,SYNTHETIC_BENCHMARK,Scenario 6: Cold Storage Frost Slick (μ=0.20),AMR-01,Process Operator,55.33,24.3,45.06,22.24,2.26,0.87,0.5,0.8,1,0.5,0.2,-15,0.25,MATERIAL_TRANSPORT,1,1.2,10.47,13.32,3,WARNING,false
2026-10-01T10:05:18.000Z,SYNTHETIC_BENCHMARK,Scenario 6: Cold Storage Frost Slick (μ=0.20),AMR-01,Process Operator,56.96,20.85,44.07,24.35,1.56,0.89,0.5,0.8,1,0.5,0.2,-15,0.25,MATERIAL_TRANSPORT,1,1.2,13.36,9.88,3,SAFE,false
2026-10-01T10:05:18.000Z,SYNTHETIC_BENCHMARK,Scenario 6: Cold Storage Frost Slick (μ=0.20),AMR-01,Process Operator,56.12,22.36,44.84,24.21,1.38,1.16,0.5,0.8,1,0.5,0.2,-15,0.25,MATERIAL_TRANSPORT,1,1.2,11.43,9.16,3,SAFE,false
2026-10-01T10:05:18.000Z,SYNTHETIC_BENCHMARK,Scenario 6: Cold Storage Frost Slick (μ=0.20),AMR-01,Process Operator,57.48,20.48,44.04,23.14,2.26,0.89,0.5,0.8,1,0.5,0.2,-15,0.25,MATERIAL_TRANSPORT,1,1.2,13.7,13.33,3,SAFE,false
2026-10-01T10:05:18.000Z,SYNTHETIC_BENCHMARK,Scenario 6: Cold Storage Frost Slick (μ=0.20),AMR-01,Process Operator,57.72,21.89,44.33,22.49,1.52,0.48,0.5,0.8,1,0.5,0.2,-15,0.25,MATERIAL_TRANSPORT,1,1.2,13.4,9.44,3,SAFE,false
2026-10-01T10:05:18.000Z,SYNTHETIC_BENCHMARK,Scenario 6: Cold Storage Frost Slick (μ=0.20),AMR-01,Process Operator,57.49,23.26,44.39,23.57,1.29,1.52,0.5,0.8,1,0.5,0.2,-15,0.25,MATERIAL_TRANSPORT,1,1.2,13.1,8.93,3,SAFE,false
2026-10-01T10:05:19.000Z,SYNTHETIC_BENCHMARK,Scenario 6: Cold Storage Frost Slick (μ=0.20),AMR-01,Process Operator,59.46,21.25,42.86,23.72,2.12,0.82,0.5,0.8,1,0.5,0.2,-15,0.25,MATERIAL_TRANSPORT,1,1.2,16.78,12.6,3,SAFE,false
2026-10-01T10:05:19.000Z,SYNTHETIC_BENCHMARK,Scenario 6: Cold Storage Frost Slick (μ=0.20),AMR-01,Process Operator,58.31,22.52,42.43,24.28,1.34,1.18,0.5,0.8,1,0.5,0.2,-15,0.25,MATERIAL_TRANSPORT,1,1.2,15.98,8.98,3,SAFE,false
2026-10-01T10:05:19.000Z,SYNTHETIC_BENCHMARK,Scenario 6: Cold Storage Frost Slick (μ=0.20),AMR-01,Process Operator,58.69,23.75,41.76,22.59,1.07,0.59,0.5,0.8,1,0.5,0.2,-15,0.25,MATERIAL_TRANSPORT,1,1.2,16.97,7.29,3,SAFE,false
2026-10-01T10:05:19.000Z,SYNTHETIC_BENCHMARK,Scenario 6: Cold Storage Frost Slick (μ=0.20),AMR-01,Process Operator,59.28,21.6,41.52,23.96,1.86,0.65,0.5,0.8,1,0.5,0.2,-15,0.25,MATERIAL_TRANSPORT,1,1.2,17.92,11.22,3,SAFE,false
2026-10-01T10:05:19.000Z,SYNTHETIC_BENCHMARK,Scenario 6: Cold Storage Frost Slick (μ=0.20),AMR-01,Process Operator,60.74,22.73,42.36,25.75,1.03,0.57,0.5,0.8,1,0.5,0.2,-15,0.25,MATERIAL_TRANSPORT,1,1.2,18.63,7.08,3,SAFE,false
2026-10-01T10:05:20.000Z,SYNTHETIC_BENCHMARK,Scenario 6: Cold Storage Frost Slick (μ=0.20),AMR-01,Process Operator,61.73,23.82,40.97,25.27,2.32,0.75,0.5,0.8,1,0.5,0.2,-15,0.25,MATERIAL_TRANSPORT,1,1.2,20.81,13.54,3,SAFE,false
2026-10-01T10:05:20.000Z,SYNTHETIC_BENCHMARK,Scenario 6: Cold Storage Frost Slick (μ=0.20),AMR-01,Process Operator,60.93,21.53,40,23.87,1.46,1.58,0.5,0.8,1,0.5,0.2,-15,0.25,MATERIAL_TRANSPORT,1,1.2,21.06,9.81,3,SAFE,false
2026-10-01T10:05:20.000Z,SYNTHETIC_BENCHMARK,Scenario 6: Cold Storage Frost Slick (μ=0.20),AMR-01,Process Operator,63,22.53,40.13,22.88,2.18,1.07,0.5,0.8,1,0.5,0.2,-15,0.25,MATERIAL_TRANSPORT,1,1.2,22.87,13.04,3,SAFE,false
2026-10-01T10:05:20.000Z,SYNTHETIC_BENCHMARK,Scenario 6: Cold Storage Frost Slick (μ=0.20),AMR-01,Process Operator,62.6,23.48,40.01,23.63,1.83,0.81,0.5,0.8,1,0.5,0.2,-15,0.25,MATERIAL_TRANSPORT,1,1.2,22.59,11.16,3,SAFE,false
2026-10-01T10:05:20.000Z,SYNTHETIC_BENCHMARK,Scenario 6: Cold Storage Frost Slick (μ=0.20),AMR-01,Process Operator,62.41,21.05,40.32,23.45,0.93,1.21,0.5,0.8,1,0.5,0.2,-15,0.25,MATERIAL_TRANSPORT,1,1.2,22.22,6.98,3,SAFE,false
2026-10-01T10:05:21.000Z,SYNTHETIC_BENCHMARK,Scenario 6: Cold Storage Frost Slick (μ=0.20),AMR-01,Process Operator,63.09,21.91,39.72,23.68,1.61,1.46,0.5,0.8,1,0.5,0.2,-15,0.25,MATERIAL_TRANSPORT,1,1.2,23.44,10.47,3,SAFE,false
2026-10-01T10:05:21.000Z,SYNTHETIC_BENCHMARK,Scenario 6: Cold Storage Frost Slick (μ=0.20),AMR-01,Process Operator,63.31,22.72,38.89,25.65,1.21,0.77,0.5,0.8,1,0.5,0.2,-15,0.25,MATERIAL_TRANSPORT,1,1.2,24.6,8.09,3,SAFE,false
2026-10-01T10:05:21.000Z,SYNTHETIC_BENCHMARK,Scenario 6: Cold Storage Frost Slick (μ=0.20),AMR-01,Process Operator,63.73,20.15,38.47,22.69,1.86,0.74,0.5,0.8,1,0.5,0.2,-15,0.25,MATERIAL_TRANSPORT,1,1.2,25.39,11.27,3,SAFE,false
2026-10-01T10:05:21.000Z,SYNTHETIC_BENCHMARK,Scenario 6: Cold Storage Frost Slick (μ=0.20),AMR-01,Process Operator,65.02,20.87,37.15,24.14,0.9,0.56,0.5,0.8,1,0.5,0.2,-15,0.25,MATERIAL_TRANSPORT,1,1.2,28.06,6.44,3,SAFE,false
2026-10-01T10:05:21.000Z,SYNTHETIC_BENCHMARK,Scenario 6: Cold Storage Frost Slick (μ=0.20),AMR-01,Process Operator,65.84,21.54,37.59,23.34,2.05,0.63,0.5,0.8,1,0.5,0.2,-15,0.25,MATERIAL_TRANSPORT,1,1.2,28.31,12.14,3,SAFE,false
2026-10-01T10:05:22.000Z,SYNTHETIC_BENCHMARK,Scenario 6: Cold Storage Frost Slick (μ=0.20),AMR-01,Process Operator,66.88,23.83,36.46,25.6,1.06,1.36,0.5,0.8,1,0.5,0.2,-15,0.25,MATERIAL_TRANSPORT,1,1.2,30.47,7.71,3,SAFE,false
2026-10-01T10:05:22.000Z,SYNTHETIC_BENCHMARK,Scenario 6: Cold Storage Frost Slick (μ=0.20),AMR-01,Process Operator,66.78,24.41,36.42,24.28,1.65,0.75,0.5,0.8,1,0.5,0.2,-15,0.25,MATERIAL_TRANSPORT,1,1.2,30.36,10.24,3,SAFE,false
2026-10-01T10:05:22.000Z,SYNTHETIC_BENCHMARK,Scenario 6: Cold Storage Frost Slick (μ=0.20),AMR-01,Process Operator,66.22,24.94,36.14,24.69,1.17,1.59,0.5,0.8,1,0.5,0.2,-15,0.25,MATERIAL_TRANSPORT,1,1.2,30.08,8.39,3,SAFE,false
2026-10-01T10:05:22.000Z,SYNTHETIC_BENCHMARK,Scenario 6: Cold Storage Frost Slick (μ=0.20),AMR-01,Process Operator,67.86,22.1,36.28,24.18,1.73,0.69,0.5,0.8,1,0.5,0.2,-15,0.25,MATERIAL_TRANSPORT,1,1.2,31.65,10.6,3,SAFE,false
2026-10-01T10:05:22.000Z,SYNTHETIC_BENCHMARK,Scenario 6: Cold Storage Frost Slick (μ=0.20),AMR-01,Process Operator,68.37,22.54,35.52,24.07,2.28,0.85,0.5,0.8,1,0.5,0.2,-15,0.25,MATERIAL_TRANSPORT,1,1.2,32.89,13.4,3,SAFE,false
2026-10-01T10:05:23.000Z,SYNTHETIC_BENCHMARK,Scenario 6: Cold Storage Frost Slick (μ=0.20),AMR-01,Process Operator,68.42,22.93,34.51,25.71,1.74,1.26,0.5,0.8,1,0.5,0.2,-15,0.25,MATERIAL_TRANSPORT,1,1.2,34.02,10.99,3,SAFE,false
2026-10-01T10:05:23.000Z,SYNTHETIC_BENCHMARK,Scenario 6: Cold Storage Frost Slick (μ=0.20),AMR-01,Process Operator,68.67,24.95,33.93,22.42,2.26,1.12,0.5,0.8,1,0.5,0.2,-15,0.25,MATERIAL_TRANSPORT,1,1.2,34.83,13.47,3,SAFE,false
2026-10-01T10:05:23.000Z,SYNTHETIC_BENCHMARK,Scenario 6: Cold Storage Frost Slick (μ=0.20),AMR-01,Process Operator,69.8,20.25,34.45,23.54,1.17,0.84,0.5,0.8,1,0.5,0.2,-15,0.25,MATERIAL_TRANSPORT,1,1.2,35.5,7.94,3,SAFE,false
2026-10-01T10:05:23.000Z,SYNTHETIC_BENCHMARK,Scenario 6: Cold Storage Frost Slick (μ=0.20),AMR-01,Process Operator,70.46,20.51,34.72,22.4,2.19,0.82,0.5,0.8,1,0.5,0.2,-15,0.25,MATERIAL_TRANSPORT,1,1.2,35.79,12.94,3,SAFE,false
2026-10-01T10:05:23.000Z,SYNTHETIC_BENCHMARK,Scenario 6: Cold Storage Frost Slick (μ=0.20),AMR-01,Process Operator,71.32,22.38,33.42,24.33,1.06,1.45,0.5,0.8,1,0.5,0.2,-15,0.25,MATERIAL_TRANSPORT,1,1.2,37.95,7.76,3,SAFE,false
2026-10-01T11:00:00.000Z,SYNTHETIC_EDGE_CASE,EC-01: Zero Speed Stationary Proximity,AMR-01,Safety Verification Rig,22.26,21.4,22.65,22.54,0,0,0.5,0.8,1,0.5,1,25,0,EDGE_CASE_TEST,1.2,1.5,1.2,1.5,3,SAFE,false
2026-10-01T11:00:01.000Z,SYNTHETIC_EDGE_CASE,EC-01: Zero Speed Stationary Proximity,AMR-01,Safety Verification Rig,23.03,20.84,20.32,24.5,0,0,0.5,0.8,1,0.5,1,25,0,EDGE_CASE_TEST,1.2,1.5,1.2,1.5,3,SAFE,false
2026-10-01T11:00:02.000Z,SYNTHETIC_EDGE_CASE,EC-01: Zero Speed Stationary Proximity,AMR-01,Safety Verification Rig,24.58,22.66,22.9,20.94,0,0,0.5,0.8,1,0.5,1,25,0,EDGE_CASE_TEST,1.2,1.5,1.2,1.5,3,SAFE,false
2026-10-01T11:00:03.000Z,SYNTHETIC_EDGE_CASE,EC-01: Zero Speed Stationary Proximity,AMR-01,Safety Verification Rig,21.66,20.33,22.02,24.4,0,0,0.5,0.8,1,0.5,1,25,0,EDGE_CASE_TEST,1.2,1.5,1.2,1.5,3,SAFE,false
2026-10-01T11:00:04.000Z,SYNTHETIC_EDGE_CASE,EC-01: Zero Speed Stationary Proximity,AMR-01,Safety Verification Rig,23.85,24.88,22.96,20.55,0,0,0.5,0.8,1,0.5,1,25,0,EDGE_CASE_TEST,1.2,1.5,1.2,1.5,3,SAFE,false
2026-10-01T11:00:05.000Z,SYNTHETIC_EDGE_CASE,EC-01: Zero Speed Stationary Proximity,AMR-01,Safety Verification Rig,21.63,24.42,22.52,24.34,0,0,0.5,0.8,1,0.5,1,25,0,EDGE_CASE_TEST,1.2,1.5,1.2,1.5,3,SAFE,false
2026-10-01T11:00:06.000Z,SYNTHETIC_EDGE_CASE,EC-01: Zero Speed Stationary Proximity,AMR-01,Safety Verification Rig,20.87,21.84,20.09,24.4,0,0,0.5,0.8,1,0.5,1,25,0,EDGE_CASE_TEST,1.2,1.5,1.2,1.5,3,SAFE,false
2026-10-01T11:00:07.000Z,SYNTHETIC_EDGE_CASE,EC-01: Zero Speed Stationary Proximity,AMR-01,Safety Verification Rig,20.59,20.97,22.08,20.86,0,0,0.5,0.8,1,0.5,1,25,0,EDGE_CASE_TEST,1.2,1.5,1.2,1.5,3,SAFE,false
2026-10-01T11:00:08.000Z,SYNTHETIC_EDGE_CASE,EC-01: Zero Speed Stationary Proximity,AMR-01,Safety Verification Rig,24.05,21,24.73,21.44,0,0,0.5,0.8,1,0.5,1,25,0,EDGE_CASE_TEST,1.2,1.5,1.2,1.5,3,SAFE,false
2026-10-01T11:00:09.000Z,SYNTHETIC_EDGE_CASE,EC-01: Zero Speed Stationary Proximity,AMR-01,Safety Verification Rig,23.24,24.28,20.2,20.88,0,0,0.5,0.8,1,0.5,1,25,0,EDGE_CASE_TEST,1.2,1.5,1.2,1.5,3,SAFE,false
2026-10-01T11:00:10.000Z,SYNTHETIC_EDGE_CASE,EC-01: Zero Speed Stationary Proximity,AMR-01,Safety Verification Rig,21.6,22.42,21.02,23.76,0,0,0.5,0.8,1,0.5,1,25,0,EDGE_CASE_TEST,1.2,1.5,1.2,1.5,3,SAFE,false
2026-10-01T11:00:11.000Z,SYNTHETIC_EDGE_CASE,EC-01: Zero Speed Stationary Proximity,AMR-01,Safety Verification Rig,20.18,20.72,22.86,20.58,0,0,0.5,0.8,1,0.5,1,25,0,EDGE_CASE_TEST,1.2,1.5,1.2,1.5,3,SAFE,false
2026-10-01T11:00:12.000Z,SYNTHETIC_EDGE_CASE,EC-01: Zero Speed Stationary Proximity,AMR-01,Safety Verification Rig,22.08,20.98,20.68,22.18,0,0,0.5,0.8,1,0.5,1,25,0,EDGE_CASE_TEST,1.2,1.5,1.2,1.5,3,SAFE,false
2026-10-01T11:00:13.000Z,SYNTHETIC_EDGE_CASE,EC-01: Zero Speed Stationary Proximity,AMR-01,Safety Verification Rig,20.19,22.57,23.1,22.59,0,0,0.5,0.8,1,0.5,1,25,0,EDGE_CASE_TEST,1.2,1.5,1.2,1.5,3,SAFE,false
2026-10-01T11:00:14.000Z,SYNTHETIC_EDGE_CASE,EC-01: Zero Speed Stationary Proximity,AMR-01,Safety Verification Rig,23.35,21.93,20.26,20.08,0,0,0.5,0.8,1,0.5,1,25,0,EDGE_CASE_TEST,1.2,1.5,1.2,1.5,3,SAFE,false
2026-10-01T11:00:15.000Z,SYNTHETIC_EDGE_CASE,EC-01: Zero Speed Stationary Proximity,AMR-01,Safety Verification Rig,20.74,20.27,24.86,21.63,0,0,0.5,0.8,1,0.5,1,25,0,EDGE_CASE_TEST,1.2,1.5,1.2,1.5,3,SAFE,false
2026-10-01T11:00:16.000Z,SYNTHETIC_EDGE_CASE,EC-01: Zero Speed Stationary Proximity,AMR-01,Safety Verification Rig,24.72,24.77,21.67,20.68,0,0,0.5,0.8,1,0.5,1,25,0,EDGE_CASE_TEST,1.2,1.5,1.2,1.5,3,SAFE,false
2026-10-01T11:00:17.000Z,SYNTHETIC_EDGE_CASE,EC-01: Zero Speed Stationary Proximity,AMR-01,Safety Verification Rig,21.88,22.95,20.24,23.29,0,0,0.5,0.8,1,0.5,1,25,0,EDGE_CASE_TEST,1.2,1.5,1.2,1.5,3,SAFE,false
2026-10-01T11:00:18.000Z,SYNTHETIC_EDGE_CASE,EC-01: Zero Speed Stationary Proximity,AMR-01,Safety Verification Rig,22.55,20.49,21.08,22.55,0,0,0.5,0.8,1,0.5,1,25,0,EDGE_CASE_TEST,1.2,1.5,1.2,1.5,3,SAFE,false
2026-10-01T11:00:19.000Z,SYNTHETIC_EDGE_CASE,EC-01: Zero Speed Stationary Proximity,AMR-01,Safety Verification Rig,23.5,22.33,20.05,21.36,0,0,0.5,0.8,1,0.5,1,25,0,EDGE_CASE_TEST,1.2,1.5,1.2,1.5,3,SAFE,false
2026-10-01T11:00:20.000Z,SYNTHETIC_EDGE_CASE,EC-01: Zero Speed Stationary Proximity,AMR-01,Safety Verification Rig,24.12,22.12,21.16,23.54,0,0,0.5,0.8,1,0.5,1,25,0,EDGE_CASE_TEST,1.2,1.5,1.2,1.5,3,SAFE,false
2026-10-01T11:00:21.000Z,SYNTHETIC_EDGE_CASE,EC-01: Zero Speed Stationary Proximity,AMR-01,Safety Verification Rig,20.84,24.97,22.67,23.3,0,0,0.5,0.8,1,0.5,1,25,0,EDGE_CASE_TEST,1.2,1.5,1.2,1.5,3,SAFE,false
2026-10-01T11:00:22.000Z,SYNTHETIC_EDGE_CASE,EC-01: Zero Speed Stationary Proximity,AMR-01,Safety Verification Rig,24.88,23.6,21.58,22.97,0,0,0.5,0.8,1,0.5,1,25,0,EDGE_CASE_TEST,1.2,1.5,1.2,1.5,3,SAFE,false
2026-10-01T11:00:23.000Z,SYNTHETIC_EDGE_CASE,EC-01: Zero Speed Stationary Proximity,AMR-01,Safety Verification Rig,23.4,22.77,21.33,24.16,0,0,0.5,0.8,1,0.5,1,25,0,EDGE_CASE_TEST,1.2,1.5,1.2,1.5,3,SAFE,false
2026-10-01T11:00:24.000Z,SYNTHETIC_EDGE_CASE,EC-01: Zero Speed Stationary Proximity,AMR-01,Safety Verification Rig,23.94,22.04,22.97,22.19,0,0,0.5,0.8,1,0.5,1,25,0,EDGE_CASE_TEST,1.2,1.5,1.2,1.5,3,SAFE,false
2026-10-01T11:01:00.000Z,SYNTHETIC_EDGE_CASE,EC-02: Maximum Velocity Extreme Approach,AMR-01,Safety Verification Rig,22.18,21.9,24.59,23.83,3.5,2.5,0.5,0.8,1,0.5,1,25,0,EDGE_CASE_TEST,1.2,1.5,1.5,5.55,3,EMERGENCY,false
2026-10-01T11:01:01.000Z,SYNTHETIC_EDGE_CASE,EC-02: Maximum Velocity Extreme Approach,AMR-01,Safety Verification Rig,23.05,23.23,24.09,23.49,3.5,2.5,0.5,0.8,1,0.5,1,25,0,EDGE_CASE_TEST,1.2,1.5,1.5,5.55,3,EMERGENCY,false
2026-10-01T11:01:02.000Z,SYNTHETIC_EDGE_CASE,EC-02: Maximum Velocity Extreme Approach,AMR-01,Safety Verification Rig,20.19,20.03,20.3,22.56,3.5,2.5,0.5,0.8,1,0.5,1,25,0,EDGE_CASE_TEST,1.2,1.5,1.5,5.55,3,EMERGENCY,false
2026-10-01T11:01:03.000Z,SYNTHETIC_EDGE_CASE,EC-02: Maximum Velocity Extreme Approach,AMR-01,Safety Verification Rig,23.74,20.58,22.42,22.29,3.5,2.5,0.5,0.8,1,0.5,1,25,0,EDGE_CASE_TEST,1.2,1.5,1.5,5.55,3,EMERGENCY,false
2026-10-01T11:01:04.000Z,SYNTHETIC_EDGE_CASE,EC-02: Maximum Velocity Extreme Approach,AMR-01,Safety Verification Rig,21.4,21.84,22.78,24.85,3.5,2.5,0.5,0.8,1,0.5,1,25,0,EDGE_CASE_TEST,1.2,1.5,1.5,5.55,3,EMERGENCY,false
2026-10-01T11:01:05.000Z,SYNTHETIC_EDGE_CASE,EC-02: Maximum Velocity Extreme Approach,AMR-01,Safety Verification Rig,22.93,22.29,23,22.75,3.5,2.5,0.5,0.8,1,0.5,1,25,0,EDGE_CASE_TEST,1.2,1.5,1.5,5.55,3,EMERGENCY,false
2026-10-01T11:01:06.000Z,SYNTHETIC_EDGE_CASE,EC-02: Maximum Velocity Extreme Approach,AMR-01,Safety Verification Rig,22.89,22.96,23.39,21.68,3.5,2.5,0.5,0.8,1,0.5,1,25,0,EDGE_CASE_TEST,1.2,1.5,1.5,5.55,3,EMERGENCY,false
2026-10-01T11:01:07.000Z,SYNTHETIC_EDGE_CASE,EC-02: Maximum Velocity Extreme Approach,AMR-01,Safety Verification Rig,21.79,21.94,20.73,21.58,3.5,2.5,0.5,0.8,1,0.5,1,25,0,EDGE_CASE_TEST,1.2,1.5,1.5,5.55,3,EMERGENCY,false
2026-10-01T11:01:08.000Z,SYNTHETIC_EDGE_CASE,EC-02: Maximum Velocity Extreme Approach,AMR-01,Safety Verification Rig,20.47,22.13,24.41,21.08,3.5,2.5,0.5,0.8,1,0.5,1,25,0,EDGE_CASE_TEST,1.2,1.5,1.5,5.55,3,EMERGENCY,false
2026-10-01T11:01:09.000Z,SYNTHETIC_EDGE_CASE,EC-02: Maximum Velocity Extreme Approach,AMR-01,Safety Verification Rig,22.97,22.37,20.85,20.32,3.5,2.5,0.5,0.8,1,0.5,1,25,0,EDGE_CASE_TEST,1.2,1.5,1.5,5.55,3,EMERGENCY,false
2026-10-01T11:01:10.000Z,SYNTHETIC_EDGE_CASE,EC-02: Maximum Velocity Extreme Approach,AMR-01,Safety Verification Rig,22.54,21.85,21.27,22.01,3.5,2.5,0.5,0.8,1,0.5,1,25,0,EDGE_CASE_TEST,1.2,1.5,1.5,5.55,3,EMERGENCY,false
2026-10-01T11:01:11.000Z,SYNTHETIC_EDGE_CASE,EC-02: Maximum Velocity Extreme Approach,AMR-01,Safety Verification Rig,21.17,22.91,22.85,20.9,3.5,2.5,0.5,0.8,1,0.5,1,25,0,EDGE_CASE_TEST,1.2,1.5,1.5,5.55,3,EMERGENCY,false
2026-10-01T11:01:12.000Z,SYNTHETIC_EDGE_CASE,EC-02: Maximum Velocity Extreme Approach,AMR-01,Safety Verification Rig,22.31,22.16,23.12,21.56,3.5,2.5,0.5,0.8,1,0.5,1,25,0,EDGE_CASE_TEST,1.2,1.5,1.5,5.55,3,EMERGENCY,false
2026-10-01T11:01:13.000Z,SYNTHETIC_EDGE_CASE,EC-02: Maximum Velocity Extreme Approach,AMR-01,Safety Verification Rig,22.01,24.9,22.74,24.48,3.5,2.5,0.5,0.8,1,0.5,1,25,0,EDGE_CASE_TEST,1.2,1.5,1.5,5.55,3,EMERGENCY,false
2026-10-01T11:01:14.000Z,SYNTHETIC_EDGE_CASE,EC-02: Maximum Velocity Extreme Approach,AMR-01,Safety Verification Rig,23.35,22.94,21.67,20.53,3.5,2.5,0.5,0.8,1,0.5,1,25,0,EDGE_CASE_TEST,1.2,1.5,1.5,5.55,3,EMERGENCY,false
2026-10-01T11:01:15.000Z,SYNTHETIC_EDGE_CASE,EC-02: Maximum Velocity Extreme Approach,AMR-01,Safety Verification Rig,24.24,20.65,23.53,23.72,3.5,2.5,0.5,0.8,1,0.5,1,25,0,EDGE_CASE_TEST,1.2,1.5,1.5,5.55,3,EMERGENCY,false
2026-10-01T11:01:16.000Z,SYNTHETIC_EDGE_CASE,EC-02: Maximum Velocity Extreme Approach,AMR-01,Safety Verification Rig,23.5,24.44,23.47,22.32,3.5,2.5,0.5,0.8,1,0.5,1,25,0,EDGE_CASE_TEST,1.2,1.5,1.5,5.55,3,EMERGENCY,false
2026-10-01T11:01:17.000Z,SYNTHETIC_EDGE_CASE,EC-02: Maximum Velocity Extreme Approach,AMR-01,Safety Verification Rig,20.34,20.57,24.18,23.31,3.5,2.5,0.5,0.8,1,0.5,1,25,0,EDGE_CASE_TEST,1.2,1.5,1.5,5.55,3,EMERGENCY,false
2026-10-01T11:01:18.000Z,SYNTHETIC_EDGE_CASE,EC-02: Maximum Velocity Extreme Approach,AMR-01,Safety Verification Rig,22.1,21.17,20.43,20.14,3.5,2.5,0.5,0.8,1,0.5,1,25,0,EDGE_CASE_TEST,1.2,1.5,1.5,5.55,3,EMERGENCY,false
2026-10-01T11:01:19.000Z,SYNTHETIC_EDGE_CASE,EC-02: Maximum Velocity Extreme Approach,AMR-01,Safety Verification Rig,20.37,23.8,21.79,23.87,3.5,2.5,0.5,0.8,1,0.5,1,25,0,EDGE_CASE_TEST,1.2,1.5,1.5,5.55,3,EMERGENCY,false
2026-10-01T11:01:20.000Z,SYNTHETIC_EDGE_CASE,EC-02: Maximum Velocity Extreme Approach,AMR-01,Safety Verification Rig,20.48,24.12,23.74,22.57,3.5,2.5,0.5,0.8,1,0.5,1,25,0,EDGE_CASE_TEST,1.2,1.5,1.5,5.55,3,EMERGENCY,false
2026-10-01T11:01:21.000Z,SYNTHETIC_EDGE_CASE,EC-02: Maximum Velocity Extreme Approach,AMR-01,Safety Verification Rig,24.21,22.07,22.15,24.16,3.5,2.5,0.5,0.8,1,0.5,1,25,0,EDGE_CASE_TEST,1.2,1.5,1.5,5.55,3,EMERGENCY,false
2026-10-01T11:01:22.000Z,SYNTHETIC_EDGE_CASE,EC-02: Maximum Velocity Extreme Approach,AMR-01,Safety Verification Rig,20.95,21.3,21.03,22.45,3.5,2.5,0.5,0.8,1,0.5,1,25,0,EDGE_CASE_TEST,1.2,1.5,1.5,5.55,3,EMERGENCY,false
2026-10-01T11:01:23.000Z,SYNTHETIC_EDGE_CASE,EC-02: Maximum Velocity Extreme Approach,AMR-01,Safety Verification Rig,22.1,21.93,23.66,21.65,3.5,2.5,0.5,0.8,1,0.5,1,25,0,EDGE_CASE_TEST,1.2,1.5,1.5,5.55,3,EMERGENCY,false
2026-10-01T11:01:24.000Z,SYNTHETIC_EDGE_CASE,EC-02: Maximum Velocity Extreme Approach,AMR-01,Safety Verification Rig,23.92,21.67,22.01,24.1,3.5,2.5,0.5,0.8,1,0.5,1,25,0,EDGE_CASE_TEST,1.2,1.5,1.5,5.55,3,EMERGENCY,false
2026-10-01T11:02:00.000Z,SYNTHETIC_EDGE_CASE,EC-03: Ultra High Reaction Time Latency,AMR-01,Safety Verification Rig,23.56,20.28,24.54,21.4,1.5,1,0.5,0.8,1,0.5,1,25,0,EDGE_CASE_TEST,1.2,1.5,2,3.2,3,UNSAFE,false
2026-10-01T11:02:01.000Z,SYNTHETIC_EDGE_CASE,EC-03: Ultra High Reaction Time Latency,AMR-01,Safety Verification Rig,23.54,22.33,22.29,23.87,1.5,1,0.5,0.8,1,0.5,1,25,0,EDGE_CASE_TEST,1.2,1.5,2,3.2,3,UNSAFE,false
2026-10-01T11:02:02.000Z,SYNTHETIC_EDGE_CASE,EC-03: Ultra High Reaction Time Latency,AMR-01,Safety Verification Rig,24.55,23.31,23.36,23.3,1.5,1,0.5,0.8,1,0.5,1,25,0,EDGE_CASE_TEST,1.2,1.5,2,3.2,3,UNSAFE,false
2026-10-01T11:02:03.000Z,SYNTHETIC_EDGE_CASE,EC-03: Ultra High Reaction Time Latency,AMR-01,Safety Verification Rig,21.54,24.08,20.64,24.06,1.5,1,0.5,0.8,1,0.5,1,25,0,EDGE_CASE_TEST,1.2,1.5,2,3.2,3,UNSAFE,false
2026-10-01T11:02:04.000Z,SYNTHETIC_EDGE_CASE,EC-03: Ultra High Reaction Time Latency,AMR-01,Safety Verification Rig,23.13,23.66,22.96,22.58,1.5,1,0.5,0.8,1,0.5,1,25,0,EDGE_CASE_TEST,1.2,1.5,2,3.2,3,UNSAFE,false
2026-10-01T11:02:05.000Z,SYNTHETIC_EDGE_CASE,EC-03: Ultra High Reaction Time Latency,AMR-01,Safety Verification Rig,24.45,20.32,24.52,20.09,1.5,1,0.5,0.8,1,0.5,1,25,0,EDGE_CASE_TEST,1.2,1.5,2,3.2,3,UNSAFE,false
2026-10-01T11:02:06.000Z,SYNTHETIC_EDGE_CASE,EC-03: Ultra High Reaction Time Latency,AMR-01,Safety Verification Rig,23.22,21.03,22.66,23.75,1.5,1,0.5,0.8,1,0.5,1,25,0,EDGE_CASE_TEST,1.2,1.5,2,3.2,3,UNSAFE,false
2026-10-01T11:02:07.000Z,SYNTHETIC_EDGE_CASE,EC-03: Ultra High Reaction Time Latency,AMR-01,Safety Verification Rig,24.19,24.25,23.99,21.1,1.5,1,0.5,0.8,1,0.5,1,25,0,EDGE_CASE_TEST,1.2,1.5,2,3.2,3,UNSAFE,false
2026-10-01T11:02:08.000Z,SYNTHETIC_EDGE_CASE,EC-03: Ultra High Reaction Time Latency,AMR-01,Safety Verification Rig,21.93,21.03,23.82,22.81,1.5,1,0.5,0.8,1,0.5,1,25,0,EDGE_CASE_TEST,1.2,1.5,2,3.2,3,UNSAFE,false
2026-10-01T11:02:09.000Z,SYNTHETIC_EDGE_CASE,EC-03: Ultra High Reaction Time Latency,AMR-01,Safety Verification Rig,21.94,24.45,23.94,23.81,1.5,1,0.5,0.8,1,0.5,1,25,0,EDGE_CASE_TEST,1.2,1.5,2,3.2,3,UNSAFE,false
2026-10-01T11:02:10.000Z,SYNTHETIC_EDGE_CASE,EC-03: Ultra High Reaction Time Latency,AMR-01,Safety Verification Rig,20.07,22.43,23.73,22.77,1.5,1,0.5,0.8,1,0.5,1,25,0,EDGE_CASE_TEST,1.2,1.5,2,3.2,3,UNSAFE,false
2026-10-01T11:02:11.000Z,SYNTHETIC_EDGE_CASE,EC-03: Ultra High Reaction Time Latency,AMR-01,Safety Verification Rig,20.35,23.78,24.61,24.78,1.5,1,0.5,0.8,1,0.5,1,25,0,EDGE_CASE_TEST,1.2,1.5,2,3.2,3,UNSAFE,false
2026-10-01T11:02:12.000Z,SYNTHETIC_EDGE_CASE,EC-03: Ultra High Reaction Time Latency,AMR-01,Safety Verification Rig,21.03,22.7,22.82,22.58,1.5,1,0.5,0.8,1,0.5,1,25,0,EDGE_CASE_TEST,1.2,1.5,2,3.2,3,UNSAFE,false
2026-10-01T11:02:13.000Z,SYNTHETIC_EDGE_CASE,EC-03: Ultra High Reaction Time Latency,AMR-01,Safety Verification Rig,24.1,21.53,20.51,20.92,1.5,1,0.5,0.8,1,0.5,1,25,0,EDGE_CASE_TEST,1.2,1.5,2,3.2,3,UNSAFE,false
2026-10-01T11:02:14.000Z,SYNTHETIC_EDGE_CASE,EC-03: Ultra High Reaction Time Latency,AMR-01,Safety Verification Rig,23.02,21.9,20.22,24.35,1.5,1,0.5,0.8,1,0.5,1,25,0,EDGE_CASE_TEST,1.2,1.5,2,3.2,3,UNSAFE,false
2026-10-01T11:02:15.000Z,SYNTHETIC_EDGE_CASE,EC-03: Ultra High Reaction Time Latency,AMR-01,Safety Verification Rig,23.83,24.09,22.62,23.39,1.5,1,0.5,0.8,1,0.5,1,25,0,EDGE_CASE_TEST,1.2,1.5,2,3.2,3,UNSAFE,false
2026-10-01T11:02:16.000Z,SYNTHETIC_EDGE_CASE,EC-03: Ultra High Reaction Time Latency,AMR-01,Safety Verification Rig,24.61,24.9,22.65,23.88,1.5,1,0.5,0.8,1,0.5,1,25,0,EDGE_CASE_TEST,1.2,1.5,2,3.2,3,UNSAFE,false
2026-10-01T11:02:17.000Z,SYNTHETIC_EDGE_CASE,EC-03: Ultra High Reaction Time Latency,AMR-01,Safety Verification Rig,23.28,23.72,23.97,24.85,1.5,1,0.5,0.8,1,0.5,1,25,0,EDGE_CASE_TEST,1.2,1.5,2,3.2,3,UNSAFE,false
2026-10-01T11:02:18.000Z,SYNTHETIC_EDGE_CASE,EC-03: Ultra High Reaction Time Latency,AMR-01,Safety Verification Rig,23.66,21.96,21.68,24.56,1.5,1,0.5,0.8,1,0.5,1,25,0,EDGE_CASE_TEST,1.2,1.5,2,3.2,3,UNSAFE,false
2026-10-01T11:02:19.000Z,SYNTHETIC_EDGE_CASE,EC-03: Ultra High Reaction Time Latency,AMR-01,Safety Verification Rig,24.94,20.86,23.51,24.99,1.5,1,0.5,0.8,1,0.5,1,25,0,EDGE_CASE_TEST,1.2,1.5,2,3.2,3,UNSAFE,false
2026-10-01T11:02:20.000Z,SYNTHETIC_EDGE_CASE,EC-03: Ultra High Reaction Time Latency,AMR-01,Safety Verification Rig,24.47,22.58,24.2,24.6,1.5,1,0.5,0.8,1,0.5,1,25,0,EDGE_CASE_TEST,1.2,1.5,2,3.2,3,UNSAFE,false
2026-10-01T11:02:21.000Z,SYNTHETIC_EDGE_CASE,EC-03: Ultra High Reaction Time Latency,AMR-01,Safety Verification Rig,23.86,24.65,23.33,24.44,1.5,1,0.5,0.8,1,0.5,1,25,0,EDGE_CASE_TEST,1.2,1.5,2,3.2,3,UNSAFE,false
2026-10-01T11:02:22.000Z,SYNTHETIC_EDGE_CASE,EC-03: Ultra High Reaction Time Latency,AMR-01,Safety Verification Rig,23.41,22.74,21.39,22.59,1.5,1,0.5,0.8,1,0.5,1,25,0,EDGE_CASE_TEST,1.2,1.5,2,3.2,3,UNSAFE,false
2026-10-01T11:02:23.000Z,SYNTHETIC_EDGE_CASE,EC-03: Ultra High Reaction Time Latency,AMR-01,Safety Verification Rig,24.92,21.81,24.25,21.95,1.5,1,0.5,0.8,1,0.5,1,25,0,EDGE_CASE_TEST,1.2,1.5,2,3.2,3,UNSAFE,false
2026-10-01T11:02:24.000Z,SYNTHETIC_EDGE_CASE,EC-03: Ultra High Reaction Time Latency,AMR-01,Safety Verification Rig,22.77,20.48,20.91,21.35,1.5,1,0.5,0.8,1,0.5,1,25,0,EDGE_CASE_TEST,1.2,1.5,2,3.2,3,UNSAFE,false
2026-10-01T11:03:00.000Z,SYNTHETIC_EDGE_CASE,EC-04: High Risk Inspection Area Tight Clearance,AMR-01,Safety Verification Rig,23.37,23.89,24.65,25,1.5,1,0.5,0.8,1,0.5,1,25,0,EDGE_CASE_TEST,1.2,1.5,1.8,3.2,3,WARNING,false
2026-10-01T11:03:01.000Z,SYNTHETIC_EDGE_CASE,EC-04: High Risk Inspection Area Tight Clearance,AMR-01,Safety Verification Rig,22.96,24.74,22.44,20.22,1.5,1,0.5,0.8,1,0.5,1,25,0,EDGE_CASE_TEST,1.2,1.5,1.8,3.2,3,WARNING,false
2026-10-01T11:03:02.000Z,SYNTHETIC_EDGE_CASE,EC-04: High Risk Inspection Area Tight Clearance,AMR-01,Safety Verification Rig,23.71,22.8,22.75,23.64,1.5,1,0.5,0.8,1,0.5,1,25,0,EDGE_CASE_TEST,1.2,1.5,1.8,3.2,3,WARNING,false
2026-10-01T11:03:03.000Z,SYNTHETIC_EDGE_CASE,EC-04: High Risk Inspection Area Tight Clearance,AMR-01,Safety Verification Rig,23.14,22.62,21.61,20.55,1.5,1,0.5,0.8,1,0.5,1,25,0,EDGE_CASE_TEST,1.2,1.5,1.8,3.2,3,WARNING,false
2026-10-01T11:03:04.000Z,SYNTHETIC_EDGE_CASE,EC-04: High Risk Inspection Area Tight Clearance,AMR-01,Safety Verification Rig,21.93,24.71,22.12,22.76,1.5,1,0.5,0.8,1,0.5,1,25,0,EDGE_CASE_TEST,1.2,1.5,1.8,3.2,3,WARNING,false
2026-10-01T11:03:05.000Z,SYNTHETIC_EDGE_CASE,EC-04: High Risk Inspection Area Tight Clearance,AMR-01,Safety Verification Rig,20.02,24.93,22.18,24.63,1.5,1,0.5,0.8,1,0.5,1,25,0,EDGE_CASE_TEST,1.2,1.5,1.8,3.2,3,WARNING,false
2026-10-01T11:03:06.000Z,SYNTHETIC_EDGE_CASE,EC-04: High Risk Inspection Area Tight Clearance,AMR-01,Safety Verification Rig,21.06,22.29,20.61,22.59,1.5,1,0.5,0.8,1,0.5,1,25,0,EDGE_CASE_TEST,1.2,1.5,1.8,3.2,3,WARNING,false
2026-10-01T11:03:07.000Z,SYNTHETIC_EDGE_CASE,EC-04: High Risk Inspection Area Tight Clearance,AMR-01,Safety Verification Rig,20.16,20.05,21.62,22.88,1.5,1,0.5,0.8,1,0.5,1,25,0,EDGE_CASE_TEST,1.2,1.5,1.8,3.2,3,WARNING,false
2026-10-01T11:03:08.000Z,SYNTHETIC_EDGE_CASE,EC-04: High Risk Inspection Area Tight Clearance,AMR-01,Safety Verification Rig,20.04,20.21,22.54,22.66,1.5,1,0.5,0.8,1,0.5,1,25,0,EDGE_CASE_TEST,1.2,1.5,1.8,3.2,3,WARNING,false
2026-10-01T11:03:09.000Z,SYNTHETIC_EDGE_CASE,EC-04: High Risk Inspection Area Tight Clearance,AMR-01,Safety Verification Rig,20.46,21.21,24.98,24.45,1.5,1,0.5,0.8,1,0.5,1,25,0,EDGE_CASE_TEST,1.2,1.5,1.8,3.2,3,WARNING,false
2026-10-01T11:03:10.000Z,SYNTHETIC_EDGE_CASE,EC-04: High Risk Inspection Area Tight Clearance,AMR-01,Safety Verification Rig,20.98,24.1,24.26,23.93,1.5,1,0.5,0.8,1,0.5,1,25,0,EDGE_CASE_TEST,1.2,1.5,1.8,3.2,3,WARNING,false
2026-10-01T11:03:11.000Z,SYNTHETIC_EDGE_CASE,EC-04: High Risk Inspection Area Tight Clearance,AMR-01,Safety Verification Rig,22.1,21.97,22.15,21.05,1.5,1,0.5,0.8,1,0.5,1,25,0,EDGE_CASE_TEST,1.2,1.5,1.8,3.2,3,WARNING,false
2026-10-01T11:03:12.000Z,SYNTHETIC_EDGE_CASE,EC-04: High Risk Inspection Area Tight Clearance,AMR-01,Safety Verification Rig,24.67,22.72,23.05,24.45,1.5,1,0.5,0.8,1,0.5,1,25,0,EDGE_CASE_TEST,1.2,1.5,1.8,3.2,3,WARNING,false
2026-10-01T11:03:13.000Z,SYNTHETIC_EDGE_CASE,EC-04: High Risk Inspection Area Tight Clearance,AMR-01,Safety Verification Rig,22.72,20.18,23.38,24.24,1.5,1,0.5,0.8,1,0.5,1,25,0,EDGE_CASE_TEST,1.2,1.5,1.8,3.2,3,WARNING,false
2026-10-01T11:03:14.000Z,SYNTHETIC_EDGE_CASE,EC-04: High Risk Inspection Area Tight Clearance,AMR-01,Safety Verification Rig,24.52,23.55,24.36,23.15,1.5,1,0.5,0.8,1,0.5,1,25,0,EDGE_CASE_TEST,1.2,1.5,1.8,3.2,3,WARNING,false
2026-10-01T11:03:15.000Z,SYNTHETIC_EDGE_CASE,EC-04: High Risk Inspection Area Tight Clearance,AMR-01,Safety Verification Rig,22.04,20.16,23.16,20.93,1.5,1,0.5,0.8,1,0.5,1,25,0,EDGE_CASE_TEST,1.2,1.5,1.8,3.2,3,WARNING,false
2026-10-01T11:03:16.000Z,SYNTHETIC_EDGE_CASE,EC-04: High Risk Inspection Area Tight Clearance,AMR-01,Safety Verification Rig,23.73,21.63,22.31,22.15,1.5,1,0.5,0.8,1,0.5,1,25,0,EDGE_CASE_TEST,1.2,1.5,1.8,3.2,3,WARNING,false
2026-10-01T11:03:17.000Z,SYNTHETIC_EDGE_CASE,EC-04: High Risk Inspection Area Tight Clearance,AMR-01,Safety Verification Rig,20.65,23.27,22.5,22.29,1.5,1,0.5,0.8,1,0.5,1,25,0,EDGE_CASE_TEST,1.2,1.5,1.8,3.2,3,WARNING,false
2026-10-01T11:03:18.000Z,SYNTHETIC_EDGE_CASE,EC-04: High Risk Inspection Area Tight Clearance,AMR-01,Safety Verification Rig,20.88,21.86,23.64,22.23,1.5,1,0.5,0.8,1,0.5,1,25,0,EDGE_CASE_TEST,1.2,1.5,1.8,3.2,3,WARNING,false
2026-10-01T11:03:19.000Z,SYNTHETIC_EDGE_CASE,EC-04: High Risk Inspection Area Tight Clearance,AMR-01,Safety Verification Rig,22.33,21.79,24.4,20.97,1.5,1,0.5,0.8,1,0.5,1,25,0,EDGE_CASE_TEST,1.2,1.5,1.8,3.2,3,WARNING,false
2026-10-01T11:03:20.000Z,SYNTHETIC_EDGE_CASE,EC-04: High Risk Inspection Area Tight Clearance,AMR-01,Safety Verification Rig,23.81,24.48,24.89,21.8,1.5,1,0.5,0.8,1,0.5,1,25,0,EDGE_CASE_TEST,1.2,1.5,1.8,3.2,3,WARNING,false
2026-10-01T11:03:21.000Z,SYNTHETIC_EDGE_CASE,EC-04: High Risk Inspection Area Tight Clearance,AMR-01,Safety Verification Rig,24.54,21.15,22.83,21.68,1.5,1,0.5,0.8,1,0.5,1,25,0,EDGE_CASE_TEST,1.2,1.5,1.8,3.2,3,WARNING,false
2026-10-01T11:03:22.000Z,SYNTHETIC_EDGE_CASE,EC-04: High Risk Inspection Area Tight Clearance,AMR-01,Safety Verification Rig,21.85,23.98,22.97,24.06,1.5,1,0.5,0.8,1,0.5,1,25,0,EDGE_CASE_TEST,1.2,1.5,1.8,3.2,3,WARNING,false
2026-10-01T11:03:23.000Z,SYNTHETIC_EDGE_CASE,EC-04: High Risk Inspection Area Tight Clearance,AMR-01,Safety Verification Rig,22.35,20.5,24.88,20.01,1.5,1,0.5,0.8,1,0.5,1,25,0,EDGE_CASE_TEST,1.2,1.5,1.8,3.2,3,WARNING,false
2026-10-01T11:03:24.000Z,SYNTHETIC_EDGE_CASE,EC-04: High Risk Inspection Area Tight Clearance,AMR-01,Safety Verification Rig,21.35,21.37,24.05,22.6,1.5,1,0.5,0.8,1,0.5,1,25,0,EDGE_CASE_TEST,1.2,1.5,1.8,3.2,3,WARNING,false
2026-10-01T11:04:00.000Z,SYNTHETIC_EDGE_CASE,EC-05: Co-linear Opposite Trajectory Head-On,AMR-01,Safety Verification Rig,20.63,21.55,21.35,24.74,1.5,1,0.5,0.8,1,0.5,1,25,0,EDGE_CASE_TEST,1.2,1.5,0.8,3.2,3,EMERGENCY,false
2026-10-01T11:04:01.000Z,SYNTHETIC_EDGE_CASE,EC-05: Co-linear Opposite Trajectory Head-On,AMR-01,Safety Verification Rig,24.59,24.66,20.79,20.26,1.5,1,0.5,0.8,1,0.5,1,25,0,EDGE_CASE_TEST,1.2,1.5,0.8,3.2,3,EMERGENCY,false
2026-10-01T11:04:02.000Z,SYNTHETIC_EDGE_CASE,EC-05: Co-linear Opposite Trajectory Head-On,AMR-01,Safety Verification Rig,24.64,20.85,20.64,23.35,1.5,1,0.5,0.8,1,0.5,1,25,0,EDGE_CASE_TEST,1.2,1.5,0.8,3.2,3,EMERGENCY,false
2026-10-01T11:04:03.000Z,SYNTHETIC_EDGE_CASE,EC-05: Co-linear Opposite Trajectory Head-On,AMR-01,Safety Verification Rig,22.01,22.81,22.88,21.35,1.5,1,0.5,0.8,1,0.5,1,25,0,EDGE_CASE_TEST,1.2,1.5,0.8,3.2,3,EMERGENCY,false
2026-10-01T11:04:04.000Z,SYNTHETIC_EDGE_CASE,EC-05: Co-linear Opposite Trajectory Head-On,AMR-01,Safety Verification Rig,23.87,20.31,20.96,20.88,1.5,1,0.5,0.8,1,0.5,1,25,0,EDGE_CASE_TEST,1.2,1.5,0.8,3.2,3,EMERGENCY,false
2026-10-01T11:04:05.000Z,SYNTHETIC_EDGE_CASE,EC-05: Co-linear Opposite Trajectory Head-On,AMR-01,Safety Verification Rig,22.74,22.92,20.93,22.24,1.5,1,0.5,0.8,1,0.5,1,25,0,EDGE_CASE_TEST,1.2,1.5,0.8,3.2,3,EMERGENCY,false
2026-10-01T11:04:06.000Z,SYNTHETIC_EDGE_CASE,EC-05: Co-linear Opposite Trajectory Head-On,AMR-01,Safety Verification Rig,24.31,21.12,20.89,22.22,1.5,1,0.5,0.8,1,0.5,1,25,0,EDGE_CASE_TEST,1.2,1.5,0.8,3.2,3,EMERGENCY,false
2026-10-01T11:04:07.000Z,SYNTHETIC_EDGE_CASE,EC-05: Co-linear Opposite Trajectory Head-On,AMR-01,Safety Verification Rig,23.51,20.78,23.72,20.2,1.5,1,0.5,0.8,1,0.5,1,25,0,EDGE_CASE_TEST,1.2,1.5,0.8,3.2,3,EMERGENCY,false
2026-10-01T11:04:08.000Z,SYNTHETIC_EDGE_CASE,EC-05: Co-linear Opposite Trajectory Head-On,AMR-01,Safety Verification Rig,23.99,20.91,23.27,22.61,1.5,1,0.5,0.8,1,0.5,1,25,0,EDGE_CASE_TEST,1.2,1.5,0.8,3.2,3,EMERGENCY,false
2026-10-01T11:04:09.000Z,SYNTHETIC_EDGE_CASE,EC-05: Co-linear Opposite Trajectory Head-On,AMR-01,Safety Verification Rig,20.87,24.79,23.71,20.68,1.5,1,0.5,0.8,1,0.5,1,25,0,EDGE_CASE_TEST,1.2,1.5,0.8,3.2,3,EMERGENCY,false
2026-10-01T11:04:10.000Z,SYNTHETIC_EDGE_CASE,EC-05: Co-linear Opposite Trajectory Head-On,AMR-01,Safety Verification Rig,21.86,24.39,22.41,21.56,1.5,1,0.5,0.8,1,0.5,1,25,0,EDGE_CASE_TEST,1.2,1.5,0.8,3.2,3,EMERGENCY,false
2026-10-01T11:04:11.000Z,SYNTHETIC_EDGE_CASE,EC-05: Co-linear Opposite Trajectory Head-On,AMR-01,Safety Verification Rig,21.72,23.17,20.97,22.8,1.5,1,0.5,0.8,1,0.5,1,25,0,EDGE_CASE_TEST,1.2,1.5,0.8,3.2,3,EMERGENCY,false
2026-10-01T11:04:12.000Z,SYNTHETIC_EDGE_CASE,EC-05: Co-linear Opposite Trajectory Head-On,AMR-01,Safety Verification Rig,20.02,22.17,24.69,20.06,1.5,1,0.5,0.8,1,0.5,1,25,0,EDGE_CASE_TEST,1.2,1.5,0.8,3.2,3,EMERGENCY,false
2026-10-01T11:04:13.000Z,SYNTHETIC_EDGE_CASE,EC-05: Co-linear Opposite Trajectory Head-On,AMR-01,Safety Verification Rig,22.25,24.49,20.36,23.29,1.5,1,0.5,0.8,1,0.5,1,25,0,EDGE_CASE_TEST,1.2,1.5,0.8,3.2,3,EMERGENCY,false
2026-10-01T11:04:14.000Z,SYNTHETIC_EDGE_CASE,EC-05: Co-linear Opposite Trajectory Head-On,AMR-01,Safety Verification Rig,24.27,23.02,22.38,21.13,1.5,1,0.5,0.8,1,0.5,1,25,0,EDGE_CASE_TEST,1.2,1.5,0.8,3.2,3,EMERGENCY,false
2026-10-01T11:04:15.000Z,SYNTHETIC_EDGE_CASE,EC-05: Co-linear Opposite Trajectory Head-On,AMR-01,Safety Verification Rig,20.1,21.59,22.14,23.7,1.5,1,0.5,0.8,1,0.5,1,25,0,EDGE_CASE_TEST,1.2,1.5,0.8,3.2,3,EMERGENCY,false
2026-10-01T11:04:16.000Z,SYNTHETIC_EDGE_CASE,EC-05: Co-linear Opposite Trajectory Head-On,AMR-01,Safety Verification Rig,23.01,24.4,20.91,23.72,1.5,1,0.5,0.8,1,0.5,1,25,0,EDGE_CASE_TEST,1.2,1.5,0.8,3.2,3,EMERGENCY,false
2026-10-01T11:04:17.000Z,SYNTHETIC_EDGE_CASE,EC-05: Co-linear Opposite Trajectory Head-On,AMR-01,Safety Verification Rig,24.97,23.79,20.82,20.95,1.5,1,0.5,0.8,1,0.5,1,25,0,EDGE_CASE_TEST,1.2,1.5,0.8,3.2,3,EMERGENCY,false
2026-10-01T11:04:18.000Z,SYNTHETIC_EDGE_CASE,EC-05: Co-linear Opposite Trajectory Head-On,AMR-01,Safety Verification Rig,24.44,21.37,24.41,24.94,1.5,1,0.5,0.8,1,0.5,1,25,0,EDGE_CASE_TEST,1.2,1.5,0.8,3.2,3,EMERGENCY,false
2026-10-01T11:04:19.000Z,SYNTHETIC_EDGE_CASE,EC-05: Co-linear Opposite Trajectory Head-On,AMR-01,Safety Verification Rig,22.47,22.45,22.37,21.2,1.5,1,0.5,0.8,1,0.5,1,25,0,EDGE_CASE_TEST,1.2,1.5,0.8,3.2,3,EMERGENCY,false
2026-10-01T11:04:20.000Z,SYNTHETIC_EDGE_CASE,EC-05: Co-linear Opposite Trajectory Head-On,AMR-01,Safety Verification Rig,22.15,23.82,24.63,20.58,1.5,1,0.5,0.8,1,0.5,1,25,0,EDGE_CASE_TEST,1.2,1.5,0.8,3.2,3,EMERGENCY,false
2026-10-01T11:04:21.000Z,SYNTHETIC_EDGE_CASE,EC-05: Co-linear Opposite Trajectory Head-On,AMR-01,Safety Verification Rig,21.37,24.86,24.83,22.1,1.5,1,0.5,0.8,1,0.5,1,25,0,EDGE_CASE_TEST,1.2,1.5,0.8,3.2,3,EMERGENCY,false
2026-10-01T11:04:22.000Z,SYNTHETIC_EDGE_CASE,EC-05: Co-linear Opposite Trajectory Head-On,AMR-01,Safety Verification Rig,23.97,21.99,23.1,24.04,1.5,1,0.5,0.8,1,0.5,1,25,0,EDGE_CASE_TEST,1.2,1.5,0.8,3.2,3,EMERGENCY,false
2026-10-01T11:04:23.000Z,SYNTHETIC_EDGE_CASE,EC-05: Co-linear Opposite Trajectory Head-On,AMR-01,Safety Verification Rig,24.14,21.45,22.15,23.36,1.5,1,0.5,0.8,1,0.5,1,25,0,EDGE_CASE_TEST,1.2,1.5,0.8,3.2,3,EMERGENCY,false
2026-10-01T11:04:24.000Z,SYNTHETIC_EDGE_CASE,EC-05: Co-linear Opposite Trajectory Head-On,AMR-01,Safety Verification Rig,24.23,20.39,21.73,23.52,1.5,1,0.5,0.8,1,0.5,1,25,0,EDGE_CASE_TEST,1.2,1.5,0.8,3.2,3,EMERGENCY,false
2026-10-01T11:05:00.000Z,SYNTHETIC_EDGE_CASE,EC-06: Zero Buffer Boundary Tolerance,AMR-01,Safety Verification Rig,20.84,21.35,21.42,20.58,1.5,1,0.5,0.8,1,0.5,1,25,0,EDGE_CASE_TEST,1.2,1.5,0.5,3.2,3,EMERGENCY,false
2026-10-01T11:05:01.000Z,SYNTHETIC_EDGE_CASE,EC-06: Zero Buffer Boundary Tolerance,AMR-01,Safety Verification Rig,24.28,25,21.7,22.62,1.5,1,0.5,0.8,1,0.5,1,25,0,EDGE_CASE_TEST,1.2,1.5,0.5,3.2,3,EMERGENCY,false
2026-10-01T11:05:02.000Z,SYNTHETIC_EDGE_CASE,EC-06: Zero Buffer Boundary Tolerance,AMR-01,Safety Verification Rig,21.34,21.29,23.45,22.54,1.5,1,0.5,0.8,1,0.5,1,25,0,EDGE_CASE_TEST,1.2,1.5,0.5,3.2,3,EMERGENCY,false
2026-10-01T11:05:03.000Z,SYNTHETIC_EDGE_CASE,EC-06: Zero Buffer Boundary Tolerance,AMR-01,Safety Verification Rig,21.41,23.85,20.67,24.16,1.5,1,0.5,0.8,1,0.5,1,25,0,EDGE_CASE_TEST,1.2,1.5,0.5,3.2,3,EMERGENCY,false
2026-10-01T11:05:04.000Z,SYNTHETIC_EDGE_CASE,EC-06: Zero Buffer Boundary Tolerance,AMR-01,Safety Verification Rig,20.9,22.81,21.63,21.7,1.5,1,0.5,0.8,1,0.5,1,25,0,EDGE_CASE_TEST,1.2,1.5,0.5,3.2,3,EMERGENCY,false
2026-10-01T11:05:05.000Z,SYNTHETIC_EDGE_CASE,EC-06: Zero Buffer Boundary Tolerance,AMR-01,Safety Verification Rig,21.05,20.89,23.31,22.48,1.5,1,0.5,0.8,1,0.5,1,25,0,EDGE_CASE_TEST,1.2,1.5,0.5,3.2,3,EMERGENCY,false
2026-10-01T11:05:06.000Z,SYNTHETIC_EDGE_CASE,EC-06: Zero Buffer Boundary Tolerance,AMR-01,Safety Verification Rig,24.02,22.83,24.17,23.12,1.5,1,0.5,0.8,1,0.5,1,25,0,EDGE_CASE_TEST,1.2,1.5,0.5,3.2,3,EMERGENCY,false
2026-10-01T11:05:07.000Z,SYNTHETIC_EDGE_CASE,EC-06: Zero Buffer Boundary Tolerance,AMR-01,Safety Verification Rig,22.34,23.21,20.26,23.92,1.5,1,0.5,0.8,1,0.5,1,25,0,EDGE_CASE_TEST,1.2,1.5,0.5,3.2,3,EMERGENCY,false
2026-10-01T11:05:08.000Z,SYNTHETIC_EDGE_CASE,EC-06: Zero Buffer Boundary Tolerance,AMR-01,Safety Verification Rig,21.69,22.52,24.65,21.68,1.5,1,0.5,0.8,1,0.5,1,25,0,EDGE_CASE_TEST,1.2,1.5,0.5,3.2,3,EMERGENCY,false
2026-10-01T11:05:09.000Z,SYNTHETIC_EDGE_CASE,EC-06: Zero Buffer Boundary Tolerance,AMR-01,Safety Verification Rig,22,21.63,20.27,20.77,1.5,1,0.5,0.8,1,0.5,1,25,0,EDGE_CASE_TEST,1.2,1.5,0.5,3.2,3,EMERGENCY,false
2026-10-01T11:05:10.000Z,SYNTHETIC_EDGE_CASE,EC-06: Zero Buffer Boundary Tolerance,AMR-01,Safety Verification Rig,21.92,24.54,20.92,22.63,1.5,1,0.5,0.8,1,0.5,1,25,0,EDGE_CASE_TEST,1.2,1.5,0.5,3.2,3,EMERGENCY,false
2026-10-01T11:05:11.000Z,SYNTHETIC_EDGE_CASE,EC-06: Zero Buffer Boundary Tolerance,AMR-01,Safety Verification Rig,21.58,24.53,20.81,23.47,1.5,1,0.5,0.8,1,0.5,1,25,0,EDGE_CASE_TEST,1.2,1.5,0.5,3.2,3,EMERGENCY,false
2026-10-01T11:05:12.000Z,SYNTHETIC_EDGE_CASE,EC-06: Zero Buffer Boundary Tolerance,AMR-01,Safety Verification Rig,23.68,23.58,22.29,20.47,1.5,1,0.5,0.8,1,0.5,1,25,0,EDGE_CASE_TEST,1.2,1.5,0.5,3.2,3,EMERGENCY,false
2026-10-01T11:05:13.000Z,SYNTHETIC_EDGE_CASE,EC-06: Zero Buffer Boundary Tolerance,AMR-01,Safety Verification Rig,22.99,20.13,21.96,21.15,1.5,1,0.5,0.8,1,0.5,1,25,0,EDGE_CASE_TEST,1.2,1.5,0.5,3.2,3,EMERGENCY,false
2026-10-01T11:05:14.000Z,SYNTHETIC_EDGE_CASE,EC-06: Zero Buffer Boundary Tolerance,AMR-01,Safety Verification Rig,24.07,20.24,20.12,21.19,1.5,1,0.5,0.8,1,0.5,1,25,0,EDGE_CASE_TEST,1.2,1.5,0.5,3.2,3,EMERGENCY,false
2026-10-01T11:05:15.000Z,SYNTHETIC_EDGE_CASE,EC-06: Zero Buffer Boundary Tolerance,AMR-01,Safety Verification Rig,22.41,22,23.57,20.53,1.5,1,0.5,0.8,1,0.5,1,25,0,EDGE_CASE_TEST,1.2,1.5,0.5,3.2,3,EMERGENCY,false
2026-10-01T11:05:16.000Z,SYNTHETIC_EDGE_CASE,EC-06: Zero Buffer Boundary Tolerance,AMR-01,Safety Verification Rig,23.87,23.31,21.7,22.81,1.5,1,0.5,0.8,1,0.5,1,25,0,EDGE_CASE_TEST,1.2,1.5,0.5,3.2,3,EMERGENCY,false
2026-10-01T11:05:17.000Z,SYNTHETIC_EDGE_CASE,EC-06: Zero Buffer Boundary Tolerance,AMR-01,Safety Verification Rig,22.48,22.99,20.91,23.16,1.5,1,0.5,0.8,1,0.5,1,25,0,EDGE_CASE_TEST,1.2,1.5,0.5,3.2,3,EMERGENCY,false
2026-10-01T11:05:18.000Z,SYNTHETIC_EDGE_CASE,EC-06: Zero Buffer Boundary Tolerance,AMR-01,Safety Verification Rig,21.5,20.25,22.45,24.3,1.5,1,0.5,0.8,1,0.5,1,25,0,EDGE_CASE_TEST,1.2,1.5,0.5,3.2,3,EMERGENCY,false
2026-10-01T11:05:19.000Z,SYNTHETIC_EDGE_CASE,EC-06: Zero Buffer Boundary Tolerance,AMR-01,Safety Verification Rig,22.9,22.42,23.47,20.96,1.5,1,0.5,0.8,1,0.5,1,25,0,EDGE_CASE_TEST,1.2,1.5,0.5,3.2,3,EMERGENCY,false
2026-10-01T11:05:20.000Z,SYNTHETIC_EDGE_CASE,EC-06: Zero Buffer Boundary Tolerance,AMR-01,Safety Verification Rig,20.15,21.11,21.51,22.73,1.5,1,0.5,0.8,1,0.5,1,25,0,EDGE_CASE_TEST,1.2,1.5,0.5,3.2,3,EMERGENCY,false
2026-10-01T11:05:21.000Z,SYNTHETIC_EDGE_CASE,EC-06: Zero Buffer Boundary Tolerance,AMR-01,Safety Verification Rig,24.29,21.64,22.25,20.1,1.5,1,0.5,0.8,1,0.5,1,25,0,EDGE_CASE_TEST,1.2,1.5,0.5,3.2,3,EMERGENCY,false
2026-10-01T11:05:22.000Z,SYNTHETIC_EDGE_CASE,EC-06: Zero Buffer Boundary Tolerance,AMR-01,Safety Verification Rig,23.41,20.78,20.62,23.93,1.5,1,0.5,0.8,1,0.5,1,25,0,EDGE_CASE_TEST,1.2,1.5,0.5,3.2,3,EMERGENCY,false
2026-10-01T11:05:23.000Z,SYNTHETIC_EDGE_CASE,EC-06: Zero Buffer Boundary Tolerance,AMR-01,Safety Verification Rig,20.41,22.93,20.27,23.23,1.5,1,0.5,0.8,1,0.5,1,25,0,EDGE_CASE_TEST,1.2,1.5,0.5,3.2,3,EMERGENCY,false
2026-10-01T11:05:24.000Z,SYNTHETIC_EDGE_CASE,EC-06: Zero Buffer Boundary Tolerance,AMR-01,Safety Verification Rig,24.12,24.51,21.31,21.28,1.5,1,0.5,0.8,1,0.5,1,25,0,EDGE_CASE_TEST,1.2,1.5,0.5,3.2,3,EMERGENCY,false
2026-10-01T11:06:00.000Z,SYNTHETIC_EDGE_CASE,EC-07: Zero Friction Extreme Loss of Traction (μ=0.05),AMR-01,Safety Verification Rig,23.74,21.74,21.47,20.04,1.5,1,0.5,0.8,1,0.5,0.05,25,0,EDGE_CASE_TEST,1.2,1.5,3.5,26,3,EMERGENCY,false
2026-10-01T11:06:01.000Z,SYNTHETIC_EDGE_CASE,EC-07: Zero Friction Extreme Loss of Traction (μ=0.05),AMR-01,Safety Verification Rig,21.6,21.79,20.5,22.98,1.5,1,0.5,0.8,1,0.5,0.05,25,0,EDGE_CASE_TEST,1.2,1.5,3.5,26,3,EMERGENCY,false
2026-10-01T11:06:02.000Z,SYNTHETIC_EDGE_CASE,EC-07: Zero Friction Extreme Loss of Traction (μ=0.05),AMR-01,Safety Verification Rig,24.33,22.2,22.96,21.15,1.5,1,0.5,0.8,1,0.5,0.05,25,0,EDGE_CASE_TEST,1.2,1.5,3.5,26,3,EMERGENCY,false
2026-10-01T11:06:03.000Z,SYNTHETIC_EDGE_CASE,EC-07: Zero Friction Extreme Loss of Traction (μ=0.05),AMR-01,Safety Verification Rig,22.21,23.63,24.36,22.64,1.5,1,0.5,0.8,1,0.5,0.05,25,0,EDGE_CASE_TEST,1.2,1.5,3.5,26,3,EMERGENCY,false
2026-10-01T11:06:04.000Z,SYNTHETIC_EDGE_CASE,EC-07: Zero Friction Extreme Loss of Traction (μ=0.05),AMR-01,Safety Verification Rig,22.05,21.02,20.55,20.33,1.5,1,0.5,0.8,1,0.5,0.05,25,0,EDGE_CASE_TEST,1.2,1.5,3.5,26,3,EMERGENCY,false
2026-10-01T11:06:05.000Z,SYNTHETIC_EDGE_CASE,EC-07: Zero Friction Extreme Loss of Traction (μ=0.05),AMR-01,Safety Verification Rig,23.23,23.03,20.54,23.07,1.5,1,0.5,0.8,1,0.5,0.05,25,0,EDGE_CASE_TEST,1.2,1.5,3.5,26,3,EMERGENCY,false
2026-10-01T11:06:06.000Z,SYNTHETIC_EDGE_CASE,EC-07: Zero Friction Extreme Loss of Traction (μ=0.05),AMR-01,Safety Verification Rig,22.17,24.77,22.62,20.05,1.5,1,0.5,0.8,1,0.5,0.05,25,0,EDGE_CASE_TEST,1.2,1.5,3.5,26,3,EMERGENCY,false
2026-10-01T11:06:07.000Z,SYNTHETIC_EDGE_CASE,EC-07: Zero Friction Extreme Loss of Traction (μ=0.05),AMR-01,Safety Verification Rig,20.1,23.96,23.74,23.61,1.5,1,0.5,0.8,1,0.5,0.05,25,0,EDGE_CASE_TEST,1.2,1.5,3.5,26,3,EMERGENCY,false
2026-10-01T11:06:08.000Z,SYNTHETIC_EDGE_CASE,EC-07: Zero Friction Extreme Loss of Traction (μ=0.05),AMR-01,Safety Verification Rig,24.18,20.35,22.38,20.35,1.5,1,0.5,0.8,1,0.5,0.05,25,0,EDGE_CASE_TEST,1.2,1.5,3.5,26,3,EMERGENCY,false
2026-10-01T11:06:09.000Z,SYNTHETIC_EDGE_CASE,EC-07: Zero Friction Extreme Loss of Traction (μ=0.05),AMR-01,Safety Verification Rig,21.94,23.51,24.58,20.6,1.5,1,0.5,0.8,1,0.5,0.05,25,0,EDGE_CASE_TEST,1.2,1.5,3.5,26,3,EMERGENCY,false
2026-10-01T11:06:10.000Z,SYNTHETIC_EDGE_CASE,EC-07: Zero Friction Extreme Loss of Traction (μ=0.05),AMR-01,Safety Verification Rig,24.06,23.93,23.42,21.14,1.5,1,0.5,0.8,1,0.5,0.05,25,0,EDGE_CASE_TEST,1.2,1.5,3.5,26,3,EMERGENCY,false
2026-10-01T11:06:11.000Z,SYNTHETIC_EDGE_CASE,EC-07: Zero Friction Extreme Loss of Traction (μ=0.05),AMR-01,Safety Verification Rig,20.49,22.48,21.81,21.34,1.5,1,0.5,0.8,1,0.5,0.05,25,0,EDGE_CASE_TEST,1.2,1.5,3.5,26,3,EMERGENCY,false
2026-10-01T11:06:12.000Z,SYNTHETIC_EDGE_CASE,EC-07: Zero Friction Extreme Loss of Traction (μ=0.05),AMR-01,Safety Verification Rig,24.86,23.17,23.58,22.64,1.5,1,0.5,0.8,1,0.5,0.05,25,0,EDGE_CASE_TEST,1.2,1.5,3.5,26,3,EMERGENCY,false
2026-10-01T11:06:13.000Z,SYNTHETIC_EDGE_CASE,EC-07: Zero Friction Extreme Loss of Traction (μ=0.05),AMR-01,Safety Verification Rig,22.29,24.27,22.91,21.26,1.5,1,0.5,0.8,1,0.5,0.05,25,0,EDGE_CASE_TEST,1.2,1.5,3.5,26,3,EMERGENCY,false
2026-10-01T11:06:14.000Z,SYNTHETIC_EDGE_CASE,EC-07: Zero Friction Extreme Loss of Traction (μ=0.05),AMR-01,Safety Verification Rig,20.51,22.76,22.17,24.37,1.5,1,0.5,0.8,1,0.5,0.05,25,0,EDGE_CASE_TEST,1.2,1.5,3.5,26,3,EMERGENCY,false
2026-10-01T11:06:15.000Z,SYNTHETIC_EDGE_CASE,EC-07: Zero Friction Extreme Loss of Traction (μ=0.05),AMR-01,Safety Verification Rig,24.26,22.09,22.95,24.49,1.5,1,0.5,0.8,1,0.5,0.05,25,0,EDGE_CASE_TEST,1.2,1.5,3.5,26,3,EMERGENCY,false
2026-10-01T11:06:16.000Z,SYNTHETIC_EDGE_CASE,EC-07: Zero Friction Extreme Loss of Traction (μ=0.05),AMR-01,Safety Verification Rig,23.11,23.31,20.55,22.31,1.5,1,0.5,0.8,1,0.5,0.05,25,0,EDGE_CASE_TEST,1.2,1.5,3.5,26,3,EMERGENCY,false
2026-10-01T11:06:17.000Z,SYNTHETIC_EDGE_CASE,EC-07: Zero Friction Extreme Loss of Traction (μ=0.05),AMR-01,Safety Verification Rig,22.56,24.52,21.78,22.77,1.5,1,0.5,0.8,1,0.5,0.05,25,0,EDGE_CASE_TEST,1.2,1.5,3.5,26,3,EMERGENCY,false
2026-10-01T11:06:18.000Z,SYNTHETIC_EDGE_CASE,EC-07: Zero Friction Extreme Loss of Traction (μ=0.05),AMR-01,Safety Verification Rig,23.47,23.6,21.02,24.5,1.5,1,0.5,0.8,1,0.5,0.05,25,0,EDGE_CASE_TEST,1.2,1.5,3.5,26,3,EMERGENCY,false
2026-10-01T11:06:19.000Z,SYNTHETIC_EDGE_CASE,EC-07: Zero Friction Extreme Loss of Traction (μ=0.05),AMR-01,Safety Verification Rig,24.86,24.4,24.68,22.62,1.5,1,0.5,0.8,1,0.5,0.05,25,0,EDGE_CASE_TEST,1.2,1.5,3.5,26,3,EMERGENCY,false
2026-10-01T11:06:20.000Z,SYNTHETIC_EDGE_CASE,EC-07: Zero Friction Extreme Loss of Traction (μ=0.05),AMR-01,Safety Verification Rig,24.99,21.09,23.99,24.87,1.5,1,0.5,0.8,1,0.5,0.05,25,0,EDGE_CASE_TEST,1.2,1.5,3.5,26,3,EMERGENCY,false
2026-10-01T11:06:21.000Z,SYNTHETIC_EDGE_CASE,EC-07: Zero Friction Extreme Loss of Traction (μ=0.05),AMR-01,Safety Verification Rig,20.83,21.04,21.13,20.98,1.5,1,0.5,0.8,1,0.5,0.05,25,0,EDGE_CASE_TEST,1.2,1.5,3.5,26,3,EMERGENCY,false
2026-10-01T11:06:22.000Z,SYNTHETIC_EDGE_CASE,EC-07: Zero Friction Extreme Loss of Traction (μ=0.05),AMR-01,Safety Verification Rig,20.86,20.85,23.61,20.53,1.5,1,0.5,0.8,1,0.5,0.05,25,0,EDGE_CASE_TEST,1.2,1.5,3.5,26,3,EMERGENCY,false
2026-10-01T11:06:23.000Z,SYNTHETIC_EDGE_CASE,EC-07: Zero Friction Extreme Loss of Traction (μ=0.05),AMR-01,Safety Verification Rig,21.11,20.82,22.13,24.01,1.5,1,0.5,0.8,1,0.5,0.05,25,0,EDGE_CASE_TEST,1.2,1.5,3.5,26,3,EMERGENCY,false
2026-10-01T11:06:24.000Z,SYNTHETIC_EDGE_CASE,EC-07: Zero Friction Extreme Loss of Traction (μ=0.05),AMR-01,Safety Verification Rig,24.68,22.74,21.61,22.28,1.5,1,0.5,0.8,1,0.5,0.05,25,0,EDGE_CASE_TEST,1.2,1.5,3.5,26,3,EMERGENCY,false
2026-10-01T11:07:00.000Z,SYNTHETIC_EDGE_CASE,EC-08: Optical Sensor Complete Blindness (η=0.90),AMR-01,Safety Verification Rig,24.46,21.01,20.7,24.36,1.5,1,0.5,0.8,1,0.5,1,25,0.9,EDGE_CASE_TEST,1.2,1.5,2.2,4.55,3,UNSAFE,false
2026-10-01T11:07:01.000Z,SYNTHETIC_EDGE_CASE,EC-08: Optical Sensor Complete Blindness (η=0.90),AMR-01,Safety Verification Rig,24.28,22.02,24.52,23.51,1.5,1,0.5,0.8,1,0.5,1,25,0.9,EDGE_CASE_TEST,1.2,1.5,2.2,4.55,3,UNSAFE,false
2026-10-01T11:07:02.000Z,SYNTHETIC_EDGE_CASE,EC-08: Optical Sensor Complete Blindness (η=0.90),AMR-01,Safety Verification Rig,23.34,22.04,20.79,21.72,1.5,1,0.5,0.8,1,0.5,1,25,0.9,EDGE_CASE_TEST,1.2,1.5,2.2,4.55,3,UNSAFE,false
2026-10-01T11:07:03.000Z,SYNTHETIC_EDGE_CASE,EC-08: Optical Sensor Complete Blindness (η=0.90),AMR-01,Safety Verification Rig,23.98,23.2,24.27,22.45,1.5,1,0.5,0.8,1,0.5,1,25,0.9,EDGE_CASE_TEST,1.2,1.5,2.2,4.55,3,UNSAFE,false
2026-10-01T11:07:04.000Z,SYNTHETIC_EDGE_CASE,EC-08: Optical Sensor Complete Blindness (η=0.90),AMR-01,Safety Verification Rig,22.81,23.04,24.51,21.73,1.5,1,0.5,0.8,1,0.5,1,25,0.9,EDGE_CASE_TEST,1.2,1.5,2.2,4.55,3,UNSAFE,false
2026-10-01T11:07:05.000Z,SYNTHETIC_EDGE_CASE,EC-08: Optical Sensor Complete Blindness (η=0.90),AMR-01,Safety Verification Rig,20.15,22.25,22.01,22.65,1.5,1,0.5,0.8,1,0.5,1,25,0.9,EDGE_CASE_TEST,1.2,1.5,2.2,4.55,3,UNSAFE,false
2026-10-01T11:07:06.000Z,SYNTHETIC_EDGE_CASE,EC-08: Optical Sensor Complete Blindness (η=0.90),AMR-01,Safety Verification Rig,22.76,20.76,22.65,23.13,1.5,1,0.5,0.8,1,0.5,1,25,0.9,EDGE_CASE_TEST,1.2,1.5,2.2,4.55,3,UNSAFE,false
2026-10-01T11:07:07.000Z,SYNTHETIC_EDGE_CASE,EC-08: Optical Sensor Complete Blindness (η=0.90),AMR-01,Safety Verification Rig,20.05,22.21,20.42,21.97,1.5,1,0.5,0.8,1,0.5,1,25,0.9,EDGE_CASE_TEST,1.2,1.5,2.2,4.55,3,UNSAFE,false
2026-10-01T11:07:08.000Z,SYNTHETIC_EDGE_CASE,EC-08: Optical Sensor Complete Blindness (η=0.90),AMR-01,Safety Verification Rig,23.43,21.73,23.6,23.39,1.5,1,0.5,0.8,1,0.5,1,25,0.9,EDGE_CASE_TEST,1.2,1.5,2.2,4.55,3,UNSAFE,false
2026-10-01T11:07:09.000Z,SYNTHETIC_EDGE_CASE,EC-08: Optical Sensor Complete Blindness (η=0.90),AMR-01,Safety Verification Rig,24.14,22.03,24.18,24.73,1.5,1,0.5,0.8,1,0.5,1,25,0.9,EDGE_CASE_TEST,1.2,1.5,2.2,4.55,3,UNSAFE,false
2026-10-01T11:07:10.000Z,SYNTHETIC_EDGE_CASE,EC-08: Optical Sensor Complete Blindness (η=0.90),AMR-01,Safety Verification Rig,24.33,22.86,20.59,22.59,1.5,1,0.5,0.8,1,0.5,1,25,0.9,EDGE_CASE_TEST,1.2,1.5,2.2,4.55,3,UNSAFE,false
2026-10-01T11:07:11.000Z,SYNTHETIC_EDGE_CASE,EC-08: Optical Sensor Complete Blindness (η=0.90),AMR-01,Safety Verification Rig,21.54,23.8,23.9,22.29,1.5,1,0.5,0.8,1,0.5,1,25,0.9,EDGE_CASE_TEST,1.2,1.5,2.2,4.55,3,UNSAFE,false
2026-10-01T11:07:12.000Z,SYNTHETIC_EDGE_CASE,EC-08: Optical Sensor Complete Blindness (η=0.90),AMR-01,Safety Verification Rig,21.44,20.33,22.19,20.6,1.5,1,0.5,0.8,1,0.5,1,25,0.9,EDGE_CASE_TEST,1.2,1.5,2.2,4.55,3,UNSAFE,false
2026-10-01T11:07:13.000Z,SYNTHETIC_EDGE_CASE,EC-08: Optical Sensor Complete Blindness (η=0.90),AMR-01,Safety Verification Rig,23.98,23.33,23.36,21.92,1.5,1,0.5,0.8,1,0.5,1,25,0.9,EDGE_CASE_TEST,1.2,1.5,2.2,4.55,3,UNSAFE,false
2026-10-01T11:07:14.000Z,SYNTHETIC_EDGE_CASE,EC-08: Optical Sensor Complete Blindness (η=0.90),AMR-01,Safety Verification Rig,22.79,21.8,21.23,22.66,1.5,1,0.5,0.8,1,0.5,1,25,0.9,EDGE_CASE_TEST,1.2,1.5,2.2,4.55,3,UNSAFE,false
2026-10-01T11:07:15.000Z,SYNTHETIC_EDGE_CASE,EC-08: Optical Sensor Complete Blindness (η=0.90),AMR-01,Safety Verification Rig,23,24.01,20.01,24.06,1.5,1,0.5,0.8,1,0.5,1,25,0.9,EDGE_CASE_TEST,1.2,1.5,2.2,4.55,3,UNSAFE,false
2026-10-01T11:07:16.000Z,SYNTHETIC_EDGE_CASE,EC-08: Optical Sensor Complete Blindness (η=0.90),AMR-01,Safety Verification Rig,22.33,21.94,22.05,23.28,1.5,1,0.5,0.8,1,0.5,1,25,0.9,EDGE_CASE_TEST,1.2,1.5,2.2,4.55,3,UNSAFE,false
2026-10-01T11:07:17.000Z,SYNTHETIC_EDGE_CASE,EC-08: Optical Sensor Complete Blindness (η=0.90),AMR-01,Safety Verification Rig,20.52,24.05,23.93,22.84,1.5,1,0.5,0.8,1,0.5,1,25,0.9,EDGE_CASE_TEST,1.2,1.5,2.2,4.55,3,UNSAFE,false
2026-10-01T11:07:18.000Z,SYNTHETIC_EDGE_CASE,EC-08: Optical Sensor Complete Blindness (η=0.90),AMR-01,Safety Verification Rig,22.15,21.39,20.99,23.44,1.5,1,0.5,0.8,1,0.5,1,25,0.9,EDGE_CASE_TEST,1.2,1.5,2.2,4.55,3,UNSAFE,false
2026-10-01T11:07:19.000Z,SYNTHETIC_EDGE_CASE,EC-08: Optical Sensor Complete Blindness (η=0.90),AMR-01,Safety Verification Rig,22.72,22.04,25,20.01,1.5,1,0.5,0.8,1,0.5,1,25,0.9,EDGE_CASE_TEST,1.2,1.5,2.2,4.55,3,UNSAFE,false
2026-10-01T11:07:20.000Z,SYNTHETIC_EDGE_CASE,EC-08: Optical Sensor Complete Blindness (η=0.90),AMR-01,Safety Verification Rig,23.07,23.9,20.34,21.18,1.5,1,0.5,0.8,1,0.5,1,25,0.9,EDGE_CASE_TEST,1.2,1.5,2.2,4.55,3,UNSAFE,false
2026-10-01T11:07:21.000Z,SYNTHETIC_EDGE_CASE,EC-08: Optical Sensor Complete Blindness (η=0.90),AMR-01,Safety Verification Rig,22.23,20.8,23.44,22.09,1.5,1,0.5,0.8,1,0.5,1,25,0.9,EDGE_CASE_TEST,1.2,1.5,2.2,4.55,3,UNSAFE,false
2026-10-01T11:07:22.000Z,SYNTHETIC_EDGE_CASE,EC-08: Optical Sensor Complete Blindness (η=0.90),AMR-01,Safety Verification Rig,23.47,21.94,20.54,20.44,1.5,1,0.5,0.8,1,0.5,1,25,0.9,EDGE_CASE_TEST,1.2,1.5,2.2,4.55,3,UNSAFE,false
2026-10-01T11:07:23.000Z,SYNTHETIC_EDGE_CASE,EC-08: Optical Sensor Complete Blindness (η=0.90),AMR-01,Safety Verification Rig,23.77,24.67,23.78,21,1.5,1,0.5,0.8,1,0.5,1,25,0.9,EDGE_CASE_TEST,1.2,1.5,2.2,4.55,3,UNSAFE,false
2026-10-01T11:07:24.000Z,SYNTHETIC_EDGE_CASE,EC-08: Optical Sensor Complete Blindness (η=0.90),AMR-01,Safety Verification Rig,21.57,20.59,20.71,23.32,1.5,1,0.5,0.8,1,0.5,1,25,0.9,EDGE_CASE_TEST,1.2,1.5,2.2,4.55,3,UNSAFE,false
2026-10-01T11:08:00.000Z,SYNTHETIC_EDGE_CASE,EC-09: Coincident Coordinates Singularity (Separation=0.0m),AMR-01,Safety Verification Rig,22.94,20,22,22.91,1.5,1,0.5,0.8,1,0.5,1,25,0,EDGE_CASE_TEST,1.2,1.5,0,3.2,3,EMERGENCY,false
2026-10-01T11:08:01.000Z,SYNTHETIC_EDGE_CASE,EC-09: Coincident Coordinates Singularity (Separation=0.0m),AMR-01,Safety Verification Rig,20.95,24.7,22.6,20.63,1.5,1,0.5,0.8,1,0.5,1,25,0,EDGE_CASE_TEST,1.2,1.5,0,3.2,3,EMERGENCY,false
2026-10-01T11:08:02.000Z,SYNTHETIC_EDGE_CASE,EC-09: Coincident Coordinates Singularity (Separation=0.0m),AMR-01,Safety Verification Rig,23.5,24.08,21.13,20.48,1.5,1,0.5,0.8,1,0.5,1,25,0,EDGE_CASE_TEST,1.2,1.5,0,3.2,3,EMERGENCY,false
2026-10-01T11:08:03.000Z,SYNTHETIC_EDGE_CASE,EC-09: Coincident Coordinates Singularity (Separation=0.0m),AMR-01,Safety Verification Rig,24.43,24.54,22.73,20.75,1.5,1,0.5,0.8,1,0.5,1,25,0,EDGE_CASE_TEST,1.2,1.5,0,3.2,3,EMERGENCY,false
2026-10-01T11:08:04.000Z,SYNTHETIC_EDGE_CASE,EC-09: Coincident Coordinates Singularity (Separation=0.0m),AMR-01,Safety Verification Rig,22.94,22.33,20.11,23.41,1.5,1,0.5,0.8,1,0.5,1,25,0,EDGE_CASE_TEST,1.2,1.5,0,3.2,3,EMERGENCY,false
2026-10-01T11:08:05.000Z,SYNTHETIC_EDGE_CASE,EC-09: Coincident Coordinates Singularity (Separation=0.0m),AMR-01,Safety Verification Rig,21.36,24.6,23.03,21.91,1.5,1,0.5,0.8,1,0.5,1,25,0,EDGE_CASE_TEST,1.2,1.5,0,3.2,3,EMERGENCY,false
2026-10-01T11:08:06.000Z,SYNTHETIC_EDGE_CASE,EC-09: Coincident Coordinates Singularity (Separation=0.0m),AMR-01,Safety Verification Rig,21.3,23.89,21.05,22.3,1.5,1,0.5,0.8,1,0.5,1,25,0,EDGE_CASE_TEST,1.2,1.5,0,3.2,3,EMERGENCY,false
2026-10-01T11:08:07.000Z,SYNTHETIC_EDGE_CASE,EC-09: Coincident Coordinates Singularity (Separation=0.0m),AMR-01,Safety Verification Rig,23.08,20.88,24.67,22.67,1.5,1,0.5,0.8,1,0.5,1,25,0,EDGE_CASE_TEST,1.2,1.5,0,3.2,3,EMERGENCY,false
2026-10-01T11:08:08.000Z,SYNTHETIC_EDGE_CASE,EC-09: Coincident Coordinates Singularity (Separation=0.0m),AMR-01,Safety Verification Rig,23.48,20.5,24.75,20.92,1.5,1,0.5,0.8,1,0.5,1,25,0,EDGE_CASE_TEST,1.2,1.5,0,3.2,3,EMERGENCY,false
2026-10-01T11:08:09.000Z,SYNTHETIC_EDGE_CASE,EC-09: Coincident Coordinates Singularity (Separation=0.0m),AMR-01,Safety Verification Rig,21.88,21.4,20.3,20.88,1.5,1,0.5,0.8,1,0.5,1,25,0,EDGE_CASE_TEST,1.2,1.5,0,3.2,3,EMERGENCY,false
2026-10-01T11:08:10.000Z,SYNTHETIC_EDGE_CASE,EC-09: Coincident Coordinates Singularity (Separation=0.0m),AMR-01,Safety Verification Rig,24.7,23.69,24.59,21.74,1.5,1,0.5,0.8,1,0.5,1,25,0,EDGE_CASE_TEST,1.2,1.5,0,3.2,3,EMERGENCY,false
2026-10-01T11:08:11.000Z,SYNTHETIC_EDGE_CASE,EC-09: Coincident Coordinates Singularity (Separation=0.0m),AMR-01,Safety Verification Rig,23.18,20.1,24.61,20.86,1.5,1,0.5,0.8,1,0.5,1,25,0,EDGE_CASE_TEST,1.2,1.5,0,3.2,3,EMERGENCY,false
2026-10-01T11:08:12.000Z,SYNTHETIC_EDGE_CASE,EC-09: Coincident Coordinates Singularity (Separation=0.0m),AMR-01,Safety Verification Rig,24.49,20.38,23.8,24.83,1.5,1,0.5,0.8,1,0.5,1,25,0,EDGE_CASE_TEST,1.2,1.5,0,3.2,3,EMERGENCY,false
2026-10-01T11:08:13.000Z,SYNTHETIC_EDGE_CASE,EC-09: Coincident Coordinates Singularity (Separation=0.0m),AMR-01,Safety Verification Rig,21.14,24.09,23.22,23.97,1.5,1,0.5,0.8,1,0.5,1,25,0,EDGE_CASE_TEST,1.2,1.5,0,3.2,3,EMERGENCY,false
2026-10-01T11:08:14.000Z,SYNTHETIC_EDGE_CASE,EC-09: Coincident Coordinates Singularity (Separation=0.0m),AMR-01,Safety Verification Rig,23.82,21.74,20.95,20.06,1.5,1,0.5,0.8,1,0.5,1,25,0,EDGE_CASE_TEST,1.2,1.5,0,3.2,3,EMERGENCY,false
2026-10-01T11:08:15.000Z,SYNTHETIC_EDGE_CASE,EC-09: Coincident Coordinates Singularity (Separation=0.0m),AMR-01,Safety Verification Rig,22.47,24.18,24.9,22.49,1.5,1,0.5,0.8,1,0.5,1,25,0,EDGE_CASE_TEST,1.2,1.5,0,3.2,3,EMERGENCY,false
2026-10-01T11:08:16.000Z,SYNTHETIC_EDGE_CASE,EC-09: Coincident Coordinates Singularity (Separation=0.0m),AMR-01,Safety Verification Rig,20.72,20.42,23.89,22.67,1.5,1,0.5,0.8,1,0.5,1,25,0,EDGE_CASE_TEST,1.2,1.5,0,3.2,3,EMERGENCY,false
2026-10-01T11:08:17.000Z,SYNTHETIC_EDGE_CASE,EC-09: Coincident Coordinates Singularity (Separation=0.0m),AMR-01,Safety Verification Rig,23.71,23.75,22.11,21.85,1.5,1,0.5,0.8,1,0.5,1,25,0,EDGE_CASE_TEST,1.2,1.5,0,3.2,3,EMERGENCY,false
2026-10-01T11:08:18.000Z,SYNTHETIC_EDGE_CASE,EC-09: Coincident Coordinates Singularity (Separation=0.0m),AMR-01,Safety Verification Rig,24.15,21.12,21.92,22.18,1.5,1,0.5,0.8,1,0.5,1,25,0,EDGE_CASE_TEST,1.2,1.5,0,3.2,3,EMERGENCY,false
2026-10-01T11:08:19.000Z,SYNTHETIC_EDGE_CASE,EC-09: Coincident Coordinates Singularity (Separation=0.0m),AMR-01,Safety Verification Rig,21.79,21.01,24.92,21.19,1.5,1,0.5,0.8,1,0.5,1,25,0,EDGE_CASE_TEST,1.2,1.5,0,3.2,3,EMERGENCY,false
2026-10-01T11:08:20.000Z,SYNTHETIC_EDGE_CASE,EC-09: Coincident Coordinates Singularity (Separation=0.0m),AMR-01,Safety Verification Rig,21.2,24.46,21.42,24.57,1.5,1,0.5,0.8,1,0.5,1,25,0,EDGE_CASE_TEST,1.2,1.5,0,3.2,3,EMERGENCY,false
2026-10-01T11:08:21.000Z,SYNTHETIC_EDGE_CASE,EC-09: Coincident Coordinates Singularity (Separation=0.0m),AMR-01,Safety Verification Rig,22.87,24.55,23.21,22.24,1.5,1,0.5,0.8,1,0.5,1,25,0,EDGE_CASE_TEST,1.2,1.5,0,3.2,3,EMERGENCY,false
2026-10-01T11:08:22.000Z,SYNTHETIC_EDGE_CASE,EC-09: Coincident Coordinates Singularity (Separation=0.0m),AMR-01,Safety Verification Rig,22.67,24.19,24.66,22.86,1.5,1,0.5,0.8,1,0.5,1,25,0,EDGE_CASE_TEST,1.2,1.5,0,3.2,3,EMERGENCY,false
2026-10-01T11:08:23.000Z,SYNTHETIC_EDGE_CASE,EC-09: Coincident Coordinates Singularity (Separation=0.0m),AMR-01,Safety Verification Rig,24.61,22.21,22.21,21.55,1.5,1,0.5,0.8,1,0.5,1,25,0,EDGE_CASE_TEST,1.2,1.5,0,3.2,3,EMERGENCY,false
2026-10-01T11:08:24.000Z,SYNTHETIC_EDGE_CASE,EC-09: Coincident Coordinates Singularity (Separation=0.0m),AMR-01,Safety Verification Rig,21.96,22.79,22.08,21.01,1.5,1,0.5,0.8,1,0.5,1,25,0,EDGE_CASE_TEST,1.2,1.5,0,3.2,3,EMERGENCY,false
2026-10-01T11:09:00.000Z,SYNTHETIC_EDGE_CASE,EC-10: Multi-AMR Fleet Head-On Deadlock Collision,AMR-01,Safety Verification Rig,21.7,23.3,21.44,21.01,1.5,1,0.5,0.8,1,0.5,1,25,0,EDGE_CASE_TEST,1.2,1.5,0.4,3.2,3,EMERGENCY,false
2026-10-01T11:09:01.000Z,SYNTHETIC_EDGE_CASE,EC-10: Multi-AMR Fleet Head-On Deadlock Collision,AMR-01,Safety Verification Rig,22.28,20.33,22.81,21.12,1.5,1,0.5,0.8,1,0.5,1,25,0,EDGE_CASE_TEST,1.2,1.5,0.4,3.2,3,EMERGENCY,false
2026-10-01T11:09:02.000Z,SYNTHETIC_EDGE_CASE,EC-10: Multi-AMR Fleet Head-On Deadlock Collision,AMR-01,Safety Verification Rig,24.76,24.18,21.88,21.82,1.5,1,0.5,0.8,1,0.5,1,25,0,EDGE_CASE_TEST,1.2,1.5,0.4,3.2,3,EMERGENCY,false
2026-10-01T11:09:03.000Z,SYNTHETIC_EDGE_CASE,EC-10: Multi-AMR Fleet Head-On Deadlock Collision,AMR-01,Safety Verification Rig,22.21,21.66,23.59,23.98,1.5,1,0.5,0.8,1,0.5,1,25,0,EDGE_CASE_TEST,1.2,1.5,0.4,3.2,3,EMERGENCY,false
2026-10-01T11:09:04.000Z,SYNTHETIC_EDGE_CASE,EC-10: Multi-AMR Fleet Head-On Deadlock Collision,AMR-01,Safety Verification Rig,22.55,22.15,21.56,21.61,1.5,1,0.5,0.8,1,0.5,1,25,0,EDGE_CASE_TEST,1.2,1.5,0.4,3.2,3,EMERGENCY,false
2026-10-01T11:09:05.000Z,SYNTHETIC_EDGE_CASE,EC-10: Multi-AMR Fleet Head-On Deadlock Collision,AMR-01,Safety Verification Rig,24.59,22.06,20.94,22.99,1.5,1,0.5,0.8,1,0.5,1,25,0,EDGE_CASE_TEST,1.2,1.5,0.4,3.2,3,EMERGENCY,false
2026-10-01T11:09:06.000Z,SYNTHETIC_EDGE_CASE,EC-10: Multi-AMR Fleet Head-On Deadlock Collision,AMR-01,Safety Verification Rig,22.54,22.62,24.44,20.09,1.5,1,0.5,0.8,1,0.5,1,25,0,EDGE_CASE_TEST,1.2,1.5,0.4,3.2,3,EMERGENCY,false
2026-10-01T11:09:07.000Z,SYNTHETIC_EDGE_CASE,EC-10: Multi-AMR Fleet Head-On Deadlock Collision,AMR-01,Safety Verification Rig,23.74,21.01,21.8,21.37,1.5,1,0.5,0.8,1,0.5,1,25,0,EDGE_CASE_TEST,1.2,1.5,0.4,3.2,3,EMERGENCY,false
2026-10-01T11:09:08.000Z,SYNTHETIC_EDGE_CASE,EC-10: Multi-AMR Fleet Head-On Deadlock Collision,AMR-01,Safety Verification Rig,24.79,24.74,22.6,22.87,1.5,1,0.5,0.8,1,0.5,1,25,0,EDGE_CASE_TEST,1.2,1.5,0.4,3.2,3,EMERGENCY,false
2026-10-01T11:09:09.000Z,SYNTHETIC_EDGE_CASE,EC-10: Multi-AMR Fleet Head-On Deadlock Collision,AMR-01,Safety Verification Rig,21.01,24.51,22.32,22.68,1.5,1,0.5,0.8,1,0.5,1,25,0,EDGE_CASE_TEST,1.2,1.5,0.4,3.2,3,EMERGENCY,false
2026-10-01T11:09:10.000Z,SYNTHETIC_EDGE_CASE,EC-10: Multi-AMR Fleet Head-On Deadlock Collision,AMR-01,Safety Verification Rig,24.19,20.24,21.85,23.71,1.5,1,0.5,0.8,1,0.5,1,25,0,EDGE_CASE_TEST,1.2,1.5,0.4,3.2,3,EMERGENCY,false
2026-10-01T11:09:11.000Z,SYNTHETIC_EDGE_CASE,EC-10: Multi-AMR Fleet Head-On Deadlock Collision,AMR-01,Safety Verification Rig,23.7,20.58,20.17,24.78,1.5,1,0.5,0.8,1,0.5,1,25,0,EDGE_CASE_TEST,1.2,1.5,0.4,3.2,3,EMERGENCY,false
2026-10-01T11:09:12.000Z,SYNTHETIC_EDGE_CASE,EC-10: Multi-AMR Fleet Head-On Deadlock Collision,AMR-01,Safety Verification Rig,20.97,20.65,20.58,20.09,1.5,1,0.5,0.8,1,0.5,1,25,0,EDGE_CASE_TEST,1.2,1.5,0.4,3.2,3,EMERGENCY,false
2026-10-01T11:09:13.000Z,SYNTHETIC_EDGE_CASE,EC-10: Multi-AMR Fleet Head-On Deadlock Collision,AMR-01,Safety Verification Rig,22.23,23.17,20.04,21.99,1.5,1,0.5,0.8,1,0.5,1,25,0,EDGE_CASE_TEST,1.2,1.5,0.4,3.2,3,EMERGENCY,false
2026-10-01T11:09:14.000Z,SYNTHETIC_EDGE_CASE,EC-10: Multi-AMR Fleet Head-On Deadlock Collision,AMR-01,Safety Verification Rig,24.64,22.9,22.01,22.07,1.5,1,0.5,0.8,1,0.5,1,25,0,EDGE_CASE_TEST,1.2,1.5,0.4,3.2,3,EMERGENCY,false
2026-10-01T11:09:15.000Z,SYNTHETIC_EDGE_CASE,EC-10: Multi-AMR Fleet Head-On Deadlock Collision,AMR-01,Safety Verification Rig,20.74,24.39,22.54,20.65,1.5,1,0.5,0.8,1,0.5,1,25,0,EDGE_CASE_TEST,1.2,1.5,0.4,3.2,3,EMERGENCY,false
2026-10-01T11:09:16.000Z,SYNTHETIC_EDGE_CASE,EC-10: Multi-AMR Fleet Head-On Deadlock Collision,AMR-01,Safety Verification Rig,21.2,23.14,24.72,24.52,1.5,1,0.5,0.8,1,0.5,1,25,0,EDGE_CASE_TEST,1.2,1.5,0.4,3.2,3,EMERGENCY,false
2026-10-01T11:09:17.000Z,SYNTHETIC_EDGE_CASE,EC-10: Multi-AMR Fleet Head-On Deadlock Collision,AMR-01,Safety Verification Rig,20.95,20.03,21.44,23.06,1.5,1,0.5,0.8,1,0.5,1,25,0,EDGE_CASE_TEST,1.2,1.5,0.4,3.2,3,EMERGENCY,false
2026-10-01T11:09:18.000Z,SYNTHETIC_EDGE_CASE,EC-10: Multi-AMR Fleet Head-On Deadlock Collision,AMR-01,Safety Verification Rig,23.66,24.05,21.54,22.69,1.5,1,0.5,0.8,1,0.5,1,25,0,EDGE_CASE_TEST,1.2,1.5,0.4,3.2,3,EMERGENCY,false
2026-10-01T11:09:19.000Z,SYNTHETIC_EDGE_CASE,EC-10: Multi-AMR Fleet Head-On Deadlock Collision,AMR-01,Safety Verification Rig,24.42,23.48,24.21,24.65,1.5,1,0.5,0.8,1,0.5,1,25,0,EDGE_CASE_TEST,1.2,1.5,0.4,3.2,3,EMERGENCY,false
2026-10-01T11:09:20.000Z,SYNTHETIC_EDGE_CASE,EC-10: Multi-AMR Fleet Head-On Deadlock Collision,AMR-01,Safety Verification Rig,20.97,20.31,21.8,21.09,1.5,1,0.5,0.8,1,0.5,1,25,0,EDGE_CASE_TEST,1.2,1.5,0.4,3.2,3,EMERGENCY,false
2026-10-01T11:09:21.000Z,SYNTHETIC_EDGE_CASE,EC-10: Multi-AMR Fleet Head-On Deadlock Collision,AMR-01,Safety Verification Rig,23.06,22.97,20.91,24.54,1.5,1,0.5,0.8,1,0.5,1,25,0,EDGE_CASE_TEST,1.2,1.5,0.4,3.2,3,EMERGENCY,false
2026-10-01T11:09:22.000Z,SYNTHETIC_EDGE_CASE,EC-10: Multi-AMR Fleet Head-On Deadlock Collision,AMR-01,Safety Verification Rig,20.24,22.53,21.85,20.7,1.5,1,0.5,0.8,1,0.5,1,25,0,EDGE_CASE_TEST,1.2,1.5,0.4,3.2,3,EMERGENCY,false
2026-10-01T11:09:23.000Z,SYNTHETIC_EDGE_CASE,EC-10: Multi-AMR Fleet Head-On Deadlock Collision,AMR-01,Safety Verification Rig,23.03,22.07,21.42,24.48,1.5,1,0.5,0.8,1,0.5,1,25,0,EDGE_CASE_TEST,1.2,1.5,0.4,3.2,3,EMERGENCY,false
2026-10-01T11:09:24.000Z,SYNTHETIC_EDGE_CASE,EC-10: Multi-AMR Fleet Head-On Deadlock Collision,AMR-01,Safety Verification Rig,22.27,24.49,23.98,24.55,1.5,1,0.5,0.8,1,0.5,1,25,0,EDGE_CASE_TEST,1.2,1.5,0.4,3.2,3,EMERGENCY,false
2026-10-01T11:10:00.000Z,SYNTHETIC_EDGE_CASE,EC-11: Extreme Ambient Thermal Stress (+60°C Boiler),AMR-01,Safety Verification Rig,21.99,23.61,20.98,21.01,1.5,1,0.5,0.8,1,0.5,1,60,0,EDGE_CASE_TEST,1.2,1.5,2,3.2,3,WARNING,false
2026-10-01T11:10:01.000Z,SYNTHETIC_EDGE_CASE,EC-11: Extreme Ambient Thermal Stress (+60°C Boiler),AMR-01,Safety Verification Rig,20.45,23.64,23.62,21.58,1.5,1,0.5,0.8,1,0.5,1,60,0,EDGE_CASE_TEST,1.2,1.5,2,3.2,3,WARNING,false
2026-10-01T11:10:02.000Z,SYNTHETIC_EDGE_CASE,EC-11: Extreme Ambient Thermal Stress (+60°C Boiler),AMR-01,Safety Verification Rig,24.63,21.93,24.09,21.03,1.5,1,0.5,0.8,1,0.5,1,60,0,EDGE_CASE_TEST,1.2,1.5,2,3.2,3,WARNING,false
2026-10-01T11:10:03.000Z,SYNTHETIC_EDGE_CASE,EC-11: Extreme Ambient Thermal Stress (+60°C Boiler),AMR-01,Safety Verification Rig,22.99,20.06,24.91,23.91,1.5,1,0.5,0.8,1,0.5,1,60,0,EDGE_CASE_TEST,1.2,1.5,2,3.2,3,WARNING,false
2026-10-01T11:10:04.000Z,SYNTHETIC_EDGE_CASE,EC-11: Extreme Ambient Thermal Stress (+60°C Boiler),AMR-01,Safety Verification Rig,21.58,23.37,21.76,20.72,1.5,1,0.5,0.8,1,0.5,1,60,0,EDGE_CASE_TEST,1.2,1.5,2,3.2,3,WARNING,false
2026-10-01T11:10:05.000Z,SYNTHETIC_EDGE_CASE,EC-11: Extreme Ambient Thermal Stress (+60°C Boiler),AMR-01,Safety Verification Rig,23.48,23.63,24.57,22.33,1.5,1,0.5,0.8,1,0.5,1,60,0,EDGE_CASE_TEST,1.2,1.5,2,3.2,3,WARNING,false
2026-10-01T11:10:06.000Z,SYNTHETIC_EDGE_CASE,EC-11: Extreme Ambient Thermal Stress (+60°C Boiler),AMR-01,Safety Verification Rig,21.59,20.22,22,22.74,1.5,1,0.5,0.8,1,0.5,1,60,0,EDGE_CASE_TEST,1.2,1.5,2,3.2,3,WARNING,false
2026-10-01T11:10:07.000Z,SYNTHETIC_EDGE_CASE,EC-11: Extreme Ambient Thermal Stress (+60°C Boiler),AMR-01,Safety Verification Rig,24.74,24.57,24.15,20.23,1.5,1,0.5,0.8,1,0.5,1,60,0,EDGE_CASE_TEST,1.2,1.5,2,3.2,3,WARNING,false
2026-10-01T11:10:08.000Z,SYNTHETIC_EDGE_CASE,EC-11: Extreme Ambient Thermal Stress (+60°C Boiler),AMR-01,Safety Verification Rig,22.14,22.92,23.76,21.77,1.5,1,0.5,0.8,1,0.5,1,60,0,EDGE_CASE_TEST,1.2,1.5,2,3.2,3,WARNING,false
2026-10-01T11:10:09.000Z,SYNTHETIC_EDGE_CASE,EC-11: Extreme Ambient Thermal Stress (+60°C Boiler),AMR-01,Safety Verification Rig,21.11,22.41,20.56,20.83,1.5,1,0.5,0.8,1,0.5,1,60,0,EDGE_CASE_TEST,1.2,1.5,2,3.2,3,WARNING,false
2026-10-01T11:10:10.000Z,SYNTHETIC_EDGE_CASE,EC-11: Extreme Ambient Thermal Stress (+60°C Boiler),AMR-01,Safety Verification Rig,23.28,20.59,24.14,23.44,1.5,1,0.5,0.8,1,0.5,1,60,0,EDGE_CASE_TEST,1.2,1.5,2,3.2,3,WARNING,false
2026-10-01T11:10:11.000Z,SYNTHETIC_EDGE_CASE,EC-11: Extreme Ambient Thermal Stress (+60°C Boiler),AMR-01,Safety Verification Rig,23.94,23.14,24.98,22.7,1.5,1,0.5,0.8,1,0.5,1,60,0,EDGE_CASE_TEST,1.2,1.5,2,3.2,3,WARNING,false
2026-10-01T11:10:12.000Z,SYNTHETIC_EDGE_CASE,EC-11: Extreme Ambient Thermal Stress (+60°C Boiler),AMR-01,Safety Verification Rig,24.9,24.98,23.95,21.51,1.5,1,0.5,0.8,1,0.5,1,60,0,EDGE_CASE_TEST,1.2,1.5,2,3.2,3,WARNING,false
2026-10-01T11:10:13.000Z,SYNTHETIC_EDGE_CASE,EC-11: Extreme Ambient Thermal Stress (+60°C Boiler),AMR-01,Safety Verification Rig,20.52,24.76,20.05,23.69,1.5,1,0.5,0.8,1,0.5,1,60,0,EDGE_CASE_TEST,1.2,1.5,2,3.2,3,WARNING,false
2026-10-01T11:10:14.000Z,SYNTHETIC_EDGE_CASE,EC-11: Extreme Ambient Thermal Stress (+60°C Boiler),AMR-01,Safety Verification Rig,22.23,22.61,21.57,23.44,1.5,1,0.5,0.8,1,0.5,1,60,0,EDGE_CASE_TEST,1.2,1.5,2,3.2,3,WARNING,false
2026-10-01T11:10:15.000Z,SYNTHETIC_EDGE_CASE,EC-11: Extreme Ambient Thermal Stress (+60°C Boiler),AMR-01,Safety Verification Rig,21.27,21.24,20.47,23.11,1.5,1,0.5,0.8,1,0.5,1,60,0,EDGE_CASE_TEST,1.2,1.5,2,3.2,3,WARNING,false
2026-10-01T11:10:16.000Z,SYNTHETIC_EDGE_CASE,EC-11: Extreme Ambient Thermal Stress (+60°C Boiler),AMR-01,Safety Verification Rig,24.8,20.41,20.22,24.31,1.5,1,0.5,0.8,1,0.5,1,60,0,EDGE_CASE_TEST,1.2,1.5,2,3.2,3,WARNING,false
2026-10-01T11:10:17.000Z,SYNTHETIC_EDGE_CASE,EC-11: Extreme Ambient Thermal Stress (+60°C Boiler),AMR-01,Safety Verification Rig,20.34,24.68,21.86,22.33,1.5,1,0.5,0.8,1,0.5,1,60,0,EDGE_CASE_TEST,1.2,1.5,2,3.2,3,WARNING,false
2026-10-01T11:10:18.000Z,SYNTHETIC_EDGE_CASE,EC-11: Extreme Ambient Thermal Stress (+60°C Boiler),AMR-01,Safety Verification Rig,23.57,24.55,23.49,23.98,1.5,1,0.5,0.8,1,0.5,1,60,0,EDGE_CASE_TEST,1.2,1.5,2,3.2,3,WARNING,false
2026-10-01T11:10:19.000Z,SYNTHETIC_EDGE_CASE,EC-11: Extreme Ambient Thermal Stress (+60°C Boiler),AMR-01,Safety Verification Rig,24.44,20.88,22.99,23.63,1.5,1,0.5,0.8,1,0.5,1,60,0,EDGE_CASE_TEST,1.2,1.5,2,3.2,3,WARNING,false
2026-10-01T11:10:20.000Z,SYNTHETIC_EDGE_CASE,EC-11: Extreme Ambient Thermal Stress (+60°C Boiler),AMR-01,Safety Verification Rig,21.59,22.68,24.2,22.71,1.5,1,0.5,0.8,1,0.5,1,60,0,EDGE_CASE_TEST,1.2,1.5,2,3.2,3,WARNING,false
2026-10-01T11:10:21.000Z,SYNTHETIC_EDGE_CASE,EC-11: Extreme Ambient Thermal Stress (+60°C Boiler),AMR-01,Safety Verification Rig,20.13,23.22,21.31,22.44,1.5,1,0.5,0.8,1,0.5,1,60,0,EDGE_CASE_TEST,1.2,1.5,2,3.2,3,WARNING,false
2026-10-01T11:10:22.000Z,SYNTHETIC_EDGE_CASE,EC-11: Extreme Ambient Thermal Stress (+60°C Boiler),AMR-01,Safety Verification Rig,22.79,24.49,21.68,24.99,1.5,1,0.5,0.8,1,0.5,1,60,0,EDGE_CASE_TEST,1.2,1.5,2,3.2,3,WARNING,false
2026-10-01T11:10:23.000Z,SYNTHETIC_EDGE_CASE,EC-11: Extreme Ambient Thermal Stress (+60°C Boiler),AMR-01,Safety Verification Rig,24.32,24.93,21.9,22.89,1.5,1,0.5,0.8,1,0.5,1,60,0,EDGE_CASE_TEST,1.2,1.5,2,3.2,3,WARNING,false
2026-10-01T11:10:24.000Z,SYNTHETIC_EDGE_CASE,EC-11: Extreme Ambient Thermal Stress (+60°C Boiler),AMR-01,Safety Verification Rig,24.29,20.6,22.29,21.82,1.5,1,0.5,0.8,1,0.5,1,60,0,EDGE_CASE_TEST,1.2,1.5,2,3.2,3,WARNING,false
2026-10-01T11:11:00.000Z,SYNTHETIC_EDGE_CASE,EC-12: High-Density Walkway Multi-Agent Clutter,AMR-01,Safety Verification Rig,23.18,24.58,24.63,21.72,1.5,1,0.5,0.8,1,0.5,1,25,0,EDGE_CASE_TEST,1.2,1.5,1.1,3.2,3,UNSAFE,false
2026-10-01T11:11:01.000Z,SYNTHETIC_EDGE_CASE,EC-12: High-Density Walkway Multi-Agent Clutter,AMR-01,Safety Verification Rig,21.87,24.78,23.31,21.23,1.5,1,0.5,0.8,1,0.5,1,25,0,EDGE_CASE_TEST,1.2,1.5,1.1,3.2,3,UNSAFE,false
2026-10-01T11:11:02.000Z,SYNTHETIC_EDGE_CASE,EC-12: High-Density Walkway Multi-Agent Clutter,AMR-01,Safety Verification Rig,24.37,20.02,24.74,20.47,1.5,1,0.5,0.8,1,0.5,1,25,0,EDGE_CASE_TEST,1.2,1.5,1.1,3.2,3,UNSAFE,false
2026-10-01T11:11:03.000Z,SYNTHETIC_EDGE_CASE,EC-12: High-Density Walkway Multi-Agent Clutter,AMR-01,Safety Verification Rig,23.94,24.49,20.17,22.16,1.5,1,0.5,0.8,1,0.5,1,25,0,EDGE_CASE_TEST,1.2,1.5,1.1,3.2,3,UNSAFE,false
2026-10-01T11:11:04.000Z,SYNTHETIC_EDGE_CASE,EC-12: High-Density Walkway Multi-Agent Clutter,AMR-01,Safety Verification Rig,22.57,20.55,21.75,21.04,1.5,1,0.5,0.8,1,0.5,1,25,0,EDGE_CASE_TEST,1.2,1.5,1.1,3.2,3,UNSAFE,false
2026-10-01T11:11:05.000Z,SYNTHETIC_EDGE_CASE,EC-12: High-Density Walkway Multi-Agent Clutter,AMR-01,Safety Verification Rig,23.7,24.8,22.01,21.7,1.5,1,0.5,0.8,1,0.5,1,25,0,EDGE_CASE_TEST,1.2,1.5,1.1,3.2,3,UNSAFE,false
2026-10-01T11:11:06.000Z,SYNTHETIC_EDGE_CASE,EC-12: High-Density Walkway Multi-Agent Clutter,AMR-01,Safety Verification Rig,23.4,22.55,21.64,24.63,1.5,1,0.5,0.8,1,0.5,1,25,0,EDGE_CASE_TEST,1.2,1.5,1.1,3.2,3,UNSAFE,false
2026-10-01T11:11:07.000Z,SYNTHETIC_EDGE_CASE,EC-12: High-Density Walkway Multi-Agent Clutter,AMR-01,Safety Verification Rig,24.74,20.59,20.56,20.68,1.5,1,0.5,0.8,1,0.5,1,25,0,EDGE_CASE_TEST,1.2,1.5,1.1,3.2,3,UNSAFE,false
2026-10-01T11:11:08.000Z,SYNTHETIC_EDGE_CASE,EC-12: High-Density Walkway Multi-Agent Clutter,AMR-01,Safety Verification Rig,20.63,23.29,22.43,23.87,1.5,1,0.5,0.8,1,0.5,1,25,0,EDGE_CASE_TEST,1.2,1.5,1.1,3.2,3,UNSAFE,false
2026-10-01T11:11:09.000Z,SYNTHETIC_EDGE_CASE,EC-12: High-Density Walkway Multi-Agent Clutter,AMR-01,Safety Verification Rig,24.9,22.09,22.36,22.47,1.5,1,0.5,0.8,1,0.5,1,25,0,EDGE_CASE_TEST,1.2,1.5,1.1,3.2,3,UNSAFE,false
2026-10-01T11:11:10.000Z,SYNTHETIC_EDGE_CASE,EC-12: High-Density Walkway Multi-Agent Clutter,AMR-01,Safety Verification Rig,21.74,23.21,23.08,23.46,1.5,1,0.5,0.8,1,0.5,1,25,0,EDGE_CASE_TEST,1.2,1.5,1.1,3.2,3,UNSAFE,false
2026-10-01T11:11:11.000Z,SYNTHETIC_EDGE_CASE,EC-12: High-Density Walkway Multi-Agent Clutter,AMR-01,Safety Verification Rig,23.49,23.82,24.33,20.29,1.5,1,0.5,0.8,1,0.5,1,25,0,EDGE_CASE_TEST,1.2,1.5,1.1,3.2,3,UNSAFE,false
2026-10-01T11:11:12.000Z,SYNTHETIC_EDGE_CASE,EC-12: High-Density Walkway Multi-Agent Clutter,AMR-01,Safety Verification Rig,21.77,21.44,20.68,24.01,1.5,1,0.5,0.8,1,0.5,1,25,0,EDGE_CASE_TEST,1.2,1.5,1.1,3.2,3,UNSAFE,false
2026-10-01T11:11:13.000Z,SYNTHETIC_EDGE_CASE,EC-12: High-Density Walkway Multi-Agent Clutter,AMR-01,Safety Verification Rig,21.88,21.76,22.63,22.72,1.5,1,0.5,0.8,1,0.5,1,25,0,EDGE_CASE_TEST,1.2,1.5,1.1,3.2,3,UNSAFE,false
2026-10-01T11:11:14.000Z,SYNTHETIC_EDGE_CASE,EC-12: High-Density Walkway Multi-Agent Clutter,AMR-01,Safety Verification Rig,20.61,24.72,21.04,24.3,1.5,1,0.5,0.8,1,0.5,1,25,0,EDGE_CASE_TEST,1.2,1.5,1.1,3.2,3,UNSAFE,false
2026-10-01T11:11:15.000Z,SYNTHETIC_EDGE_CASE,EC-12: High-Density Walkway Multi-Agent Clutter,AMR-01,Safety Verification Rig,22.34,23.94,24.93,22.59,1.5,1,0.5,0.8,1,0.5,1,25,0,EDGE_CASE_TEST,1.2,1.5,1.1,3.2,3,UNSAFE,false
2026-10-01T11:11:16.000Z,SYNTHETIC_EDGE_CASE,EC-12: High-Density Walkway Multi-Agent Clutter,AMR-01,Safety Verification Rig,23.5,24.57,22.56,21.79,1.5,1,0.5,0.8,1,0.5,1,25,0,EDGE_CASE_TEST,1.2,1.5,1.1,3.2,3,UNSAFE,false
2026-10-01T11:11:17.000Z,SYNTHETIC_EDGE_CASE,EC-12: High-Density Walkway Multi-Agent Clutter,AMR-01,Safety Verification Rig,20.32,24.32,20.91,24.24,1.5,1,0.5,0.8,1,0.5,1,25,0,EDGE_CASE_TEST,1.2,1.5,1.1,3.2,3,UNSAFE,false
2026-10-01T11:11:18.000Z,SYNTHETIC_EDGE_CASE,EC-12: High-Density Walkway Multi-Agent Clutter,AMR-01,Safety Verification Rig,24.95,22.93,23.43,21.55,1.5,1,0.5,0.8,1,0.5,1,25,0,EDGE_CASE_TEST,1.2,1.5,1.1,3.2,3,UNSAFE,false
2026-10-01T11:11:19.000Z,SYNTHETIC_EDGE_CASE,EC-12: High-Density Walkway Multi-Agent Clutter,AMR-01,Safety Verification Rig,24.94,24.98,21.19,24.02,1.5,1,0.5,0.8,1,0.5,1,25,0,EDGE_CASE_TEST,1.2,1.5,1.1,3.2,3,UNSAFE,false
2026-10-01T11:11:20.000Z,SYNTHETIC_EDGE_CASE,EC-12: High-Density Walkway Multi-Agent Clutter,AMR-01,Safety Verification Rig,20.95,20.95,22.25,23.44,1.5,1,0.5,0.8,1,0.5,1,25,0,EDGE_CASE_TEST,1.2,1.5,1.1,3.2,3,UNSAFE,false
2026-10-01T11:11:21.000Z,SYNTHETIC_EDGE_CASE,EC-12: High-Density Walkway Multi-Agent Clutter,AMR-01,Safety Verification Rig,22.93,21.73,24.53,24.2,1.5,1,0.5,0.8,1,0.5,1,25,0,EDGE_CASE_TEST,1.2,1.5,1.1,3.2,3,UNSAFE,false
2026-10-01T11:11:22.000Z,SYNTHETIC_EDGE_CASE,EC-12: High-Density Walkway Multi-Agent Clutter,AMR-01,Safety Verification Rig,24.52,21.3,21.85,22.72,1.5,1,0.5,0.8,1,0.5,1,25,0,EDGE_CASE_TEST,1.2,1.5,1.1,3.2,3,UNSAFE,false
2026-10-01T11:11:23.000Z,SYNTHETIC_EDGE_CASE,EC-12: High-Density Walkway Multi-Agent Clutter,AMR-01,Safety Verification Rig,20.84,22.96,23.41,20.23,1.5,1,0.5,0.8,1,0.5,1,25,0,EDGE_CASE_TEST,1.2,1.5,1.1,3.2,3,UNSAFE,false
2026-10-01T11:11:24.000Z,SYNTHETIC_EDGE_CASE,EC-12: High-Density Walkway Multi-Agent Clutter,AMR-01,Safety Verification Rig,24.62,23.67,21.55,23.9,1.5,1,0.5,0.8,1,0.5,1,25,0,EDGE_CASE_TEST,1.2,1.5,1.1,3.2,3,UNSAFE,false